,연번,시설코드,대상 유형,근거법규,사회복지시설,"시설기관 
대분류","시설기관 
세분류",시설기관명,"사업자번호
(기관기호)",시설기관장,대표전화,대표메일,팩스,주소,운영주체,운영주체명,정원 (2026.6),현원 (2026.6),"VMS 
인증여부","가평SSN 
회원여부",아이디,비밀번호,담당자,연락처,직책,"담당자
메일",홈페이지,비고
,,,노숙인,노숙인복지법,Y,노숙인복지시설,노숙인요양시설,가평꽃동네 사랑의 집,132-82-07586,조현수,031-589-0206,gpnosook@kkot.or.kr,031-589-0209,조종면 꽃동네길 53-37,법인,사회복지법인 (재)예수의꽃동네유지재단(한국천주교 청주교구 소속),150,,,,,,,,,,https://www.kkot.or.kr/home/,고령/만성질환 노숙인 요양시설
,,,노숙인,노숙인복지법,Y,노숙인복지시설,노숙인재활시설,가평꽃동네 요한의 집,132-82-12089,최승범,031-589-0206,gpnosook@kkot.or.kr,031-589-0209,조종면 꽃동네길 53-37,법인,사회복지법인 (재)예수의꽃동네유지재단(한국천주교 청주교구 소속),120,,,,,,,,,,,"가정과 사회로부터 소외되거나 정신적·신체적 질환을 앓고 있는 노숙인 및 소외계층을 위한 요양, 일상생활 적응 및 사회 복귀 훈련 지원"
,,,노인,대한노인회법,N,노인단체,경로당 (지회),대한노인회 가평군지회,132-82-05410,장동원,031-585-6063,,031-585-7084,"가평읍 가화로 64, 1층 (가평행복누림센터 내)",법인,사단법인 대한노인회 가평군지회,,,,,,,,,,,,
,,,노인,노인복지법,Y,노인여가복지시설,경로당,읍내1리 경로당,? ,이상춘,031-582-6693,? ,,가평읍 연인2길 13-8,가평군,대한노인회 가평군지회,,,,,,,,,,,,
,,,노인,노인복지법,Y,노인여가복지시설,경로당,읍내2리 경로당,? ,황구섭,031-582-4264,? ,,가평읍 장터길 15,가평군,대한노인회 가평군지회,,,,,,,,,,,,
,,,노인,노인복지법,Y,노인여가복지시설,경로당,읍내3리 경로당,? ,유근목,031-582-7617,? ,,가평읍 보납로 7,가평군,대한노인회 가평군지회,,,,,,,,,,,,
,,,노인,노인복지법,Y,노인여가복지시설,경로당,읍내4리 경로당,? ,이수열,031-581-2838,? ,,가평읍 중촌로 17-5,가평군,대한노인회 가평군지회,,,,,,,,,,,,
,,,노인,노인복지법,Y,노인여가복지시설,경로당,읍내5리 경로당,? ,김종근,031-582-4190,? ,,가평읍 잎너비길 35,가평군,대한노인회 가평군지회,,,,,,,,,,,,
,,,노인,노인복지법,Y,노인여가복지시설,경로당,읍내6리 경로당,? ,김동규,031-582-2510,? ,,가평읍 새말옛로6번길 7,가평군,대한노인회 가평군지회,,,,,,,,,,,,
,,,노인,노인복지법,Y,노인여가복지시설,경로당,읍내7리 경로당,? ,강석기,031-582-9230,? ,,가평읍 신용길 10,가평군,대한노인회 가평군지회,,,,,,,,,,,,
,,,노인,노인복지법,Y,노인여가복지시설,경로당,읍내8리 경로당,? ,김동권,031-582-9232,? ,,가평읍 자라목3길 8,가평군,대한노인회 가평군지회,,,,,,,,,,,,
,,,노인,노인복지법,Y,노인여가복지시설,경로당,읍내9리 경로당,? ,김용기,031-582-5255,? ,,가평읍 가화로 152,가평군,대한노인회 가평군지회,,,,,,,,,,,,
,,,노인,노인복지법,Y,노인여가복지시설,경로당,주공아파트 경로당,? ,김송희,031-581-1045,? ,,가평읍 가화로 142-26 주공A 관리소옆 노인정,가평군,대한노인회 가평군지회,,,,,,,,,,,,
,,,노인,노인복지법,Y,노인여가복지시설,경로당,읍내10리 경로당,? ,정종수,031-582-6494,? ,,가평읍 문화로 298,가평군,대한노인회 가평군지회,,,,,,,,,,,,
,,,노인,노인복지법,Y,노인여가복지시설,경로당,휴먼시아 경로당,? ,신광현,031-582-1830,? ,,가평읍 가화로 164 휴먼시아아파트 노인정 1층,가평군,대한노인회 가평군지회,,,,,,,,,,,,
,,,노인,노인복지법,Y,노인여가복지시설,경로당,파란채아파트 경로당,? ,김 주,031-584-5691,? ,,가평읍 가화로 223 101동 303호 파란채 A,가평군,대한노인회 가평군지회,,,,,,,,,,,,
,,,노인,노인복지법,Y,노인여가복지시설,경로당,대곡1리 경로당,? ,공석,031-582-2263,? ,,가평읍 오리나무길 54-2,가평군,대한노인회 가평군지회,,,,,,,,,,,,
,,,노인,노인복지법,Y,노인여가복지시설,경로당,대곡1리(오목) 경로당,? ,장권순,031-582-8144,? ,,가평읍 자라섬로 22-25,가평군,대한노인회 가평군지회,,,,,,,,,,,,
,,,노인,노인복지법,Y,노인여가복지시설,경로당,대곡2리 경로당,? ,장기명,031-582-8183,? ,,가평읍 새말옛로 10,가평군,대한노인회 가평군지회,,,,,,,,,,,,
,,,노인,노인복지법,Y,노인여가복지시설,경로당,대곡3리 경로당,? ,장봉주,031-582-7776,? ,,가평읍 비석거리길 13,가평군,대한노인회 가평군지회,,,,,,,,,,,,
,,,노인,노인복지법,Y,노인여가복지시설,경로당,대곡4리 경로당,? ,정재현,031-582-3763,? ,,가평읍 석봉로77번길 1,가평군,대한노인회 가평군지회,,,,,,,,,,,,
,,,노인,노인복지법,Y,노인여가복지시설,경로당,우림아파트 경로당,? ,이스에자,031-581-0351,? ,,가평읍 문화로 112 우림필유A 관리실 옆 노인정,가평군,대한노인회 가평군지회,,,,,,,,,,,,
,,,노인,노인복지법,Y,노인여가복지시설,경로당,달전1리 경로당,? ,김명호,031-582-1690,? ,,가평읍 북한강변로 1127-1,가평군,대한노인회 가평군지회,,,,,,,,,,,,
,,,노인,노인복지법,Y,노인여가복지시설,경로당,달전2리 경로당,? ,이홍열,031-582-4427,? ,,가평읍 강산길 14,가평군,대한노인회 가평군지회,,,,,,,,,,,,
,,,노인,노인복지법,Y,노인여가복지시설,경로당,달전리넥스빌 경로당,? ,조선옥,031-581-2934,? ,,가평읍 달전로 59 넥스빌 관리사무소 옆 노인정,가평군,대한노인회 가평군지회,,,,,,,,,,,,
,,,노인,노인복지법,Y,노인여가복지시설,경로당,하색1리 경로당,? ,전금복,031-582-2711,? ,,가평읍 진동안길 10,가평군,대한노인회 가평군지회,,,,,,,,,,,,
,,,노인,노인복지법,Y,노인여가복지시설,경로당,하색2리 경로당,? ,신익균,031-582-4059,? ,,가평읍 태봉안길 23,가평군,대한노인회 가평군지회,,,,,,,,,,,,
,,,노인,노인복지법,Y,노인여가복지시설,경로당,하색2리(칠악골) 경로당,? ,김용기,,? ,,가평읍 달전천벚꽃길 257-21,가평군,대한노인회 가평군지회,,,,,,,,,,,,
,,,노인,노인복지법,Y,노인여가복지시설,경로당,하색2리(진양마을) 경로당,? ,장기일,,? ,,가평읍 태봉안길 141,가평군,대한노인회 가평군지회,,,,,,,,,,,,
,,,노인,노인복지법,Y,노인여가복지시설,경로당,상색리(벌태봉) 경로당,? ,이철우,031-582-7679,? ,,가평읍 태봉두밀로 38-1,가평군,대한노인회 가평군지회,,,,,,,,,,,,
,,,노인,노인복지법,Y,노인여가복지시설,경로당,상색리(포회촌) 경로당,? ,탁연학,,? ,,가평읍 불기산길 48,가평군,대한노인회 가평군지회,,,,,,,,,,,,
,,,노인,노인복지법,Y,노인여가복지시설,경로당,상색리(연갈) 경로당,? ,신현덕,,? ,,가평읍 연갈길 124-221,가평군,대한노인회 가평군지회,,,,,,,,,,,,
,,,노인,노인복지법,Y,노인여가복지시설,경로당,두밀1리 경로당,? ,이만규,031-582-9201,? ,,가평읍 태봉두밀로 422-5,가평군,대한노인회 가평군지회,,,,,,,,,,,,
,,,노인,노인복지법,Y,노인여가복지시설,경로당,두밀2리 경로당,,왕종범,,,,가평읍 태봉두밀로 582,가평군,대한노인회 가평군지회,,,,,,,,,,,,
,,,노인,노인복지법,Y,노인여가복지시설,경로당,경반리 경로당,? ,장풍순,031-582-7431,? ,,가평읍 경반안로 116,가평군,대한노인회 가평군지회,,,,,,,,,,,,
,,,노인,노인복지법,Y,노인여가복지시설,경로당,경반말구리 경로당,? ,장동주,,? ,,가평읍 석봉로191번길 210,가평군,대한노인회 가평군지회,,,,,,,,,,,,
,,,노인,노인복지법,Y,노인여가복지시설,경로당,승안1리 경로당,? ,원영주,031-582-8173,? ,,가평읍 용추로 3-1,가평군,대한노인회 가평군지회,,,,,,,,,,,,
,,,노인,노인복지법,Y,노인여가복지시설,경로당,승안2리 경로당,? ,최덕선,031-582-3115,? ,,가평읍 용추로 238,가평군,대한노인회 가평군지회,,,,,,,,,,,,
,,,노인,노인복지법,Y,노인여가복지시설,경로당,마장1리 경로당,? ,서권성,031-581-0500,? ,,가평읍 아랫마장길 136-84,가평군,대한노인회 가평군지회,,,,,,,,,,,,
,,,노인,노인복지법,Y,노인여가복지시설,경로당,마장2리 경로당,? ,채규화,031-582-8362,? ,,가평읍 각담말길 9-70,가평군,대한노인회 가평군지회,,,,,,,,,,,,
,,,노인,노인복지법,Y,노인여가복지시설,경로당,마장2리(송정) 경로당,? ,한면수,,? ,,가평읍 가화로 440-57,가평군,대한노인회 가평군지회,,,,,,,,,,,,
,,,노인,노인복지법,Y,노인여가복지시설,경로당,개곡1리 경로당,? ,서임석,031-582-2293,? ,,가평읍 능모루길 117,가평군,대한노인회 가평군지회,,,,,,,,,,,,
,,,노인,노인복지법,Y,노인여가복지시설,경로당,개곡2리 경로당,? ,박상열,031-582-9055,? ,,가평읍 당목가일길 401,가평군,대한노인회 가평군지회,,,,,,,,,,,,
,,,노인,노인복지법,Y,노인여가복지시설,경로당,개곡2리(주을길) 경로당,? ,김 홍,031-581-5877,? ,,가평읍 보납로 459-41,가평군,대한노인회 가평군지회,,,,,,,,,,,,
,,,노인,노인복지법,Y,노인여가복지시설,경로당,이화리 경로당,? ,정순각,031-582-4754,? ,,가평읍 호반로 2302,가평군,대한노인회 가평군지회,,,,,,,,,,,,
,,,노인,노인복지법,Y,노인여가복지시설,경로당,산유리 경로당,? ,장석목,031-582-4225,? ,,가평읍 호반로 1827,가평군,대한노인회 가평군지회,,,,,,,,,,,,
,,,노인,노인복지법,Y,노인여가복지시설,경로당,복장리 경로당,? ,장동우,031-582-1874,? ,,가평읍 상지로 1098,가평군,대한노인회 가평군지회,,,,,,,,,,,,
,,,노인,노인복지법,Y,노인여가복지시설,경로당,금대리 경로당,? ,장동환,031-582-8744,? ,,가평읍 북한강변로 320-16,가평군,대한노인회 가평군지회,,,,,,,,,,,,
,,,노인,노인복지법,Y,노인여가복지시설,경로당,금대리(비령대) 경로당,? ,장동철,031-581-5331,? ,,가평읍 비령대길 112,가평군,대한노인회 가평군지회,,,,,,,,,,,,
,,,노인,노인복지법,Y,노인여가복지시설,경로당,센트럴파크더스카이경로당,? ,유경환,,? ,,"가평읍 보납로 11, 102동 401호(센트럴파크더스카이)",가평군,대한노인회 가평군지회,,,,,,,,,,,,
,,,노인,노인복지법,Y,노인여가복지시설,경로당,가평자이아파트경로당,? ,박호철,,? ,,"가평읍 문화로 91, 104동 경로당 1층(가평자이)",가평군,대한노인회 가평군지회,,,,,,,,,,,,
,,,노인,노인복지법,Y,노인여가복지시설,경로당,힐스테이트가평더뉴클래스아파트 경로당,,신영순,,,,"가평읍 가평제방길 233, 107동 1층",가평군,대한노인회 가평군지회,,,,,,,,,,,,
,,,노인,노인복지법,Y,노인여가복지시설,경로당,신천1리 경로당,? ,송근덕,031-584-2558,? ,,설악면 자잠로 11,가평군,대한노인회 가평군지회,,,,,,,,,,,,
,,,노인,노인복지법,Y,노인여가복지시설,경로당,신천2리 경로당,? ,이강설,031-584-4487,? ,,설악면 신천중앙로88번길 26,가평군,대한노인회 가평군지회,,,,,,,,,,,,
,,,노인,노인복지법,Y,노인여가복지시설,경로당,신천3리 경로당,? ,조중윤,031-584-0771,? ,,설악면 신천중앙로35번길 22,가평군,대한노인회 가평군지회,,,,,,,,,,,,
,,,노인,노인복지법,Y,노인여가복지시설,경로당,신천4리 경로당,? ,박사례,031-584-5536,? ,,설악면 한갑골길 76,가평군,대한노인회 가평군지회,,,,,,,,,,,,
,,,노인,노인복지법,Y,노인여가복지시설,경로당,선촌1리 경로당,? ,사창환,031-585-5456,? ,,설악면 자잠로 124,가평군,대한노인회 가평군지회,,,,,,,,,,,,
,,,노인,노인복지법,Y,노인여가복지시설,경로당,선촌2리 경로당,? ,한후조,031-584-4996,? ,,설악면 탐선길 30,가평군,대한노인회 가평군지회,,,,,,,,,,,,
,,,노인,노인복지법,Y,노인여가복지시설,경로당,선촌3리 경로당,? ,이성세,031-584-4885,? ,,설악면 자잠로23번길 76,가평군,대한노인회 가평군지회,,,,,,,,,,,,
,,,노인,노인복지법,Y,노인여가복지시설,경로당,회곡1리 경로당,? ,박정남,031-584-0235,? ,,설악면 회곡양지길 10,가평군,대한노인회 가평군지회,,,,,,,,,,,,
,,,노인,노인복지법,Y,노인여가복지시설,경로당,회곡1리(안골) 경로당,? ,박종옥,031-585-035,? ,,설악면 회곡안골길 28,가평군,대한노인회 가평군지회,,,,,,,,,,,,
,,,노인,노인복지법,Y,노인여가복지시설,경로당,회곡2리 경로당,? ,최남구,031-584-9940,? ,,설악면 다락재로 116,가평군,대한노인회 가평군지회,,,,,,,,,,,,
,,,노인,노인복지법,Y,노인여가복지시설,경로당,사룡리 경로당,? ,이순학,,? ,,설악면 자잠로 198,가평군,대한노인회 가평군지회,,,,,,,,,,,,
,,,노인,노인복지법,Y,노인여가복지시설,경로당,사룡리(용문천) 경로당,? ,이규창,031-585-3548,? ,,설악면 용문천길 245,가평군,대한노인회 가평군지회,,,,,,,,,,,,
,,,노인,노인복지법,Y,노인여가복지시설,경로당,송산1리 경로당,? ,김광호,031-584-3150,? ,,설악면 미사리로 291-1,가평군,대한노인회 가평군지회,,,,,,,,,,,,
,,,노인,노인복지법,Y,노인여가복지시설,경로당,송산2리 경로당,? ,홍순택,,? ,,설악면 미사리로645번길 205,가평군,대한노인회 가평군지회,,,,,,,,,,,,
,,,노인,노인복지법,Y,노인여가복지시설,경로당,미사리 경로당,? ,유홍상,031-584-7789,? ,,설악면 미사리로 633,가평군,대한노인회 가평군지회,,,,,,,,,,,,
,,,노인,노인복지법,Y,노인여가복지시설,경로당,위곡1리 경로당,? ,정훈묵,031-584-6164,? ,,설악면 한서로 365,가평군,대한노인회 가평군지회,,,,,,,,,,,,
,,,노인,노인복지법,Y,노인여가복지시설,경로당,위곡2리 경로당,? ,백승남,031-584-7365,? ,,설악면 한서로 228-13,가평군,대한노인회 가평군지회,,,,,,,,,,,,
,,,노인,노인복지법,Y,노인여가복지시설,경로당,위곡2리(음동) 경로당,? ,한만근,031-584-2829,? ,,설악면 샛자리길 14-35,가평군,대한노인회 가평군지회,,,,,,,,,,,,
,,,노인,노인복지법,Y,노인여가복지시설,경로당,위곡3리 경로당,? ,홍성만,031-584-2249,? ,,설악면 한서로210번길 162,가평군,대한노인회 가평군지회,,,,,,,,,,,,
,,,노인,노인복지법,Y,노인여가복지시설,경로당,창의리 경로당,? ,원호산,031-584-5829,? ,,설악면 한서로 153-5,가평군,대한노인회 가평군지회,,,,,,,,,,,,
,,,노인,노인복지법,Y,노인여가복지시설,경로당,엄소리 경로당,? ,이강원,031-584-4003,? ,,설악면 묵안로 182,가평군,대한노인회 가평군지회,,,,,,,,,,,,
,,,노인,노인복지법,Y,노인여가복지시설,경로당,설곡리 경로당,? ,윤상수,031-584-3274,? ,,설악면 봉미산안길7번길 1-8,가평군,대한노인회 가평군지회,,,,,,,,,,,,
,,,노인,노인복지법,Y,노인여가복지시설,경로당,설곡리(성곡) 경로당,? ,주영은,,? ,,설악면 봉미산안길 175-7,가평군,대한노인회 가평군지회,,,,,,,,,,,,
,,,노인,노인복지법,Y,노인여가복지시설,경로당,묵안1리 경로당,? ,고철완,031-584-9228,? ,,설악면 묵안로 1025,가평군,대한노인회 가평군지회,,,,,,,,,,,,
,,,노인,노인복지법,Y,노인여가복지시설,경로당,묵안2리 경로당,? ,최봉수,031-585-7732,? ,,설악면 장수로 80-26,가평군,대한노인회 가평군지회,,,,,,,,,,,,
,,,노인,노인복지법,Y,노인여가복지시설,경로당,묵안2리(조항) 경로당,? ,오기현,031-585-7732,? ,,설악면 묵안로902번길 9,가평군,대한노인회 가평군지회,,,,,,,,,,,,
,,,노인,노인복지법,Y,노인여가복지시설,경로당,가일1리 경로당,? ,최원자,031-584-6831,? ,,설악면 유명산길 19-1,가평군,대한노인회 가평군지회,,,,,,,,,,,,
,,,노인,노인복지법,Y,노인여가복지시설,경로당,가일2리 경로당,? ,김태현,,? ,,설악면 어비산길 168,가평군,대한노인회 가평군지회,,,,,,,,,,,,
,,,노인,노인복지법,Y,노인여가복지시설,경로당,방일1리 경로당,? ,김두섭,031-585-7730,? ,,설악면 양방가루재길 101,가평군,대한노인회 가평군지회,,,,,,,,,,,,
,,,노인,노인복지법,Y,노인여가복지시설,경로당,방일2리 경로당,? ,김학봉,031-584-3900,? ,,설악면 양방가루재길 6,가평군,대한노인회 가평군지회,,,,,,,,,,,,
,,,노인,노인복지법,Y,노인여가복지시설,경로당,방일3리 경로당,? ,안병규,031-584-0633,? ,,설악면 평촌길 29-1,가평군,대한노인회 가평군지회,,,,,,,,,,,,
,,,노인,노인복지법,Y,노인여가복지시설,경로당,천안1리 경로당,? ,임동원,031-584-6953,? ,,설악면 유명로 1086,가평군,대한노인회 가평군지회,,,,,,,,,,,,
,,,노인,노인복지법,Y,노인여가복지시설,경로당,천안2리 경로당,? ,서왕석,031-585-0679,? ,,설악면 천현길 15,가평군,대한노인회 가평군지회,,,,,,,,,,,,
,,,노인,노인복지법,Y,노인여가복지시설,경로당,이천1리(영천벌) 경로당,? ,안병도,031-584-5075,? ,,설악면 다락재로485번길 129,가평군,대한노인회 가평군지회,,,,,,,,,,,,
,,,노인,노인복지법,Y,노인여가복지시설,경로당,이천2리 경로당,? ,양귀용,031-584-5074,? ,,설악면 다락재로267번길 13,가평군,대한노인회 가평군지회,,,,,,,,,,,,
,,,노인,노인복지법,Y,노인여가복지시설,경로당,청평1리 경로당,? ,조동철,031-585-6526,? ,,청평면 시장중앙로 17,가평군,대한노인회 가평군지회,,,,,,,,,,,,
,,,노인,노인복지법,Y,노인여가복지시설,경로당,청평2리 경로당,? ,김언규 ,031-584-1948,? ,,청평면 여울길 3,가평군,대한노인회 가평군지회,,,,,,,,,,,,
,,,노인,노인복지법,Y,노인여가복지시설,경로당,청평3리 경로당,? ,이연순,031-584-9468,? ,,청평면 구청평로 17,가평군,대한노인회 가평군지회,,,,,,,,,,,,
,,,노인,노인복지법,Y,노인여가복지시설,경로당,청평3리(창말) 경로당,? ,엄명웅,031-584-2232,? ,,청평면 호반로 18,가평군,대한노인회 가평군지회,,,,,,,,,,,,
,,,노인,노인복지법,Y,노인여가복지시설,경로당,이안지안스청평 경로당,? ,나승오,,? ,,"청평면 구청평로 20, (이안지안스청평)",가평군,대한노인회 가평군지회,,,,,,,,,,,,
,,,노인,노인복지법,Y,노인여가복지시설,경로당,청평4리 경로당,? ,이남진,031-584-0674,? ,,청평면 잠곡로 69-8,가평군,대한노인회 가평군지회,,,,,,,,,,,,
,,,노인,노인복지법,Y,노인여가복지시설,경로당,청평5리 경로당,? ,이강문,031-584-1371,? ,,청평면 갈오현로 10-4,가평군,대한노인회 가평군지회,,,,,,,,,,,,
,,,노인,노인복지법,Y,노인여가복지시설,경로당,청평6리 경로당,? ,홍재기,031-584-5964,? ,,청평면 청평중앙로82번길 30-1,가평군,대한노인회 가평군지회,,,,,,,,,,,,
,,,노인,노인복지법,Y,노인여가복지시설,경로당,청평7리 경로당,? ,천팔용,031-585-5085,? ,,청평면 골안길 7-12,가평군,대한노인회 가평군지회,,,,,,,,,,,,
,,,노인,노인복지법,Y,노인여가복지시설,경로당,청평8리 경로당,? ,김종헌,031-584-5065,? ,,청평면 강변나루로40번길 1,가평군,대한노인회 가평군지회,,,,,,,,,,,,
,,,노인,노인복지법,Y,노인여가복지시설,경로당,청평9리(청구아파트) 경로당,? ,유기복,031-584-5537,? ,,청평면 경춘로 819-21 청구A 관리동 노인정,가평군,대한노인회 가평군지회,,,,,,,,,,,,
,,,노인,노인복지법,Y,노인여가복지시설,경로당,청평10리 쉐르빌아파트 경로당,? ,김용원,031-585-2340,? ,,청평면 강변나루로 54,가평군,대한노인회 가평군지회,,,,,,,,,,,,
,,,노인,노인복지법,Y,노인여가복지시설,경로당,상천1리 경로당,? ,서택종,031-582-7061,? ,,청평면 에덴벚꽃길 39-36,가평군,대한노인회 가평군지회,,,,,,,,,,,,
,,,노인,노인복지법,Y,노인여가복지시설,경로당,상천2리 경로당,? ,김명진,031-584-3255,? ,,청평면 상천역로19번길 11,가평군,대한노인회 가평군지회,,,,,,,,,,,,
,,,노인,노인복지법,Y,노인여가복지시설,경로당,상천3리 경로당,? ,김영식,031-584-2052,? ,,청평면 수리재길 324,가평군,대한노인회 가평군지회,,,,,,,,,,,,
,,,노인,노인복지법,Y,노인여가복지시설,경로당,상천4리 경로당,? ,김현조,031-584-0466,? ,,청평면 상지로64번길 3,가평군,대한노인회 가평군지회,,,,,,,,,,,,
,,,노인,노인복지법,Y,노인여가복지시설,경로당,하천1리 경로당,? ,김명갑,031-585-3770,? ,,청평면 버들숲로 28-7,가평군,대한노인회 가평군지회,,,,,,,,,,,,
,,,노인,노인복지법,Y,노인여가복지시설,경로당,하천2리 경로당,? ,박종학,031-584-2349,? ,,청평면 우무내길 9,가평군,대한노인회 가평군지회,,,,,,,,,,,,
,,,노인,노인복지법,Y,노인여가복지시설,경로당,하천2리(마지기) 경로당,? ,한상문,031-584-0462,? ,,청평면 마지기길 47,가평군,대한노인회 가평군지회,,,,,,,,,,,,
,,,노인,노인복지법,Y,노인여가복지시설,경로당,대성1리 경로당,? ,안영순,031-584-3356,? ,,청평면 소돌말길 7-41,가평군,대한노인회 가평군지회,,,,,,,,,,,,
,,,노인,노인복지법,Y,노인여가복지시설,경로당,대성2리 경로당,? ,문봉찬,,? ,,청평면 남가로 2065,가평군,대한노인회 가평군지회,,,,,,,,,,,,
,,,노인,노인복지법,Y,노인여가복지시설,경로당,대성3리 경로당,? ,이연신,031-584-2277,? ,,청평면 은행나무길 5,가평군,대한노인회 가평군지회,,,,,,,,,,,,
,,,노인,노인복지법,Y,노인여가복지시설,경로당,삼회1리 경로당,? ,송만갑,031-584-4405,? ,,청평면 북한강로 2009,가평군,대한노인회 가평군지회,,,,,,,,,,,,
,,,노인,노인복지법,Y,노인여가복지시설,경로당,삼회2리 경로당,? ,이대교,031-584-6537,? ,,청평면 북한강로 1633-1,가평군,대한노인회 가평군지회,,,,,,,,,,,,
,,,노인,노인복지법,Y,노인여가복지시설,경로당,호명리 경로당,? ,이강복,031-585-5480,? ,,청평면 호명리길 95-25,가평군,대한노인회 가평군지회,,,,,,,,,,,,
,,,노인,노인복지법,Y,노인여가복지시설,경로당,고성리 경로당,? ,김육태,,? ,,청평면 말래골길 6,가평군,대한노인회 가평군지회,,,,,,,,,,,,
,,,노인,노인복지법,Y,노인여가복지시설,경로당,세양청마루 경로당,? , 강석규,031-584-1554,? ,,청평면 경춘로 807-45,가평군,대한노인회 가평군지회,,,,,,,,,,,,
,,,노인,노인복지법,Y,노인여가복지시설,경로당,연하1리 경로당,? ,장승순,031-584-6795,? ,,상면 연하길 32,가평군,대한노인회 가평군지회,,,,,,,,,,,,
,,,노인,노인복지법,Y,노인여가복지시설,경로당,연하2리 경로당,? ,김정숙,031-585-2970,? ,,상면 역촌길 32,가평군,대한노인회 가평군지회,,,,,,,,,,,,
,,,노인,노인복지법,Y,노인여가복지시설,경로당,항사리 경로당,? ,김흥만,031-584-9728,? ,,상면 청군로 921,가평군,대한노인회 가평군지회,,,,,,,,,,,,
,,,노인,노인복지법,Y,노인여가복지시설,경로당,항사리(벌말) 경로당,? ,권선식,031-584-5455,? ,,상면 벌말길 44,가평군,대한노인회 가평군지회,,,,,,,,,,,,
,,,노인,노인복지법,Y,노인여가복지시설,경로당,행현1리 경로당,? ,김인섭,031-584-6371,? ,,상면 축령로 73,가평군,대한노인회 가평군지회,,,,,,,,,,,,
,,,노인,노인복지법,Y,노인여가복지시설,경로당,행현2리 경로당,? ,이석찬,031-584-6738,? ,,상면 수목원로 136,가평군,대한노인회 가평군지회,,,,,,,,,,,,
,,,노인,노인복지법,Y,노인여가복지시설,경로당,임초1리 경로당,? ,최성옥,031-585-1679,? ,,상면 청군로 699-1,가평군,대한노인회 가평군지회,,,,,,,,,,,,
,,,노인,노인복지법,Y,노인여가복지시설,경로당,임초2리 경로당,? ,안보훈,031-584-0677,? ,,상면 임초밤안골로 50,가평군,대한노인회 가평군지회,,,,,,,,,,,,
,,,노인,노인복지법,Y,노인여가복지시설,경로당,덕현리 경로당,? ,성열선,031-584-2224,? ,,상면 광신길 7,가평군,대한노인회 가평군지회,,,,,,,,,,,,
,,,노인,노인복지법,Y,노인여가복지시설,경로당,태봉리 경로당,? ,최중례,031-585-1930,? ,,상면 태봉골길 59,가평군,대한노인회 가평군지회,,,,,,,,,,,,
,,,노인,노인복지법,Y,노인여가복지시설,경로당,태봉리 아랫벌 경로당,? ,최진문,,? ,,상면 아랫벌길 11-1,가평군,대한노인회 가평군지회,,,,,,,,,,,,
,,,노인,노인복지법,Y,노인여가복지시설,경로당,원흥리 경로당,? ,안승중,031-585-0778,? ,,상면 원흥길 59,가평군,대한노인회 가평군지회,,,,,,,,,,,,
,,,노인,노인복지법,Y,노인여가복지시설,경로당,상동리 경로당,? ,정형택,031-585-5169,? ,,상면 비룡로 1968,가평군,대한노인회 가평군지회,,,,,,,,,,,,
,,,노인,노인복지법,Y,노인여가복지시설,경로당,율길1리 경로당,? ,김정애,,? ,,상면 음지말로 6,가평군,대한노인회 가평군지회,,,,,,,,,,,,
,,,노인,노인복지법,Y,노인여가복지시설,경로당,율길1리(장막동) 경로당,? ,한상무,031-584-3485,? ,,상면 장막동길 26-14,가평군,대한노인회 가평군지회,,,,,,,,,,,,
,,,노인,노인복지법,Y,노인여가복지시설,경로당,율길2리 경로당,? ,서은숙,031-584-9422,? ,,상면 수역길 43-12,가평군,대한노인회 가평군지회,,,,,,,,,,,,
,,,노인,노인복지법,Y,노인여가복지시설,경로당,상봉수리 경로당,? ,현순형,031-584-9321,? ,,상면 봉수로150번길 28,가평군,대한노인회 가평군지회,,,,,,,,,,,,
,,,노인,노인복지법,Y,노인여가복지시설,경로당,봉수리 경로당(하봉수리),? ,박기흥,031-584-9320,? ,,상면 물골길 442-10,가평군,대한노인회 가평군지회,,,,,,,,,,,,
,,,노인,노인복지법,Y,노인여가복지시설,경로당,봉수리 물골 경로당,? ,,031-584-3669,? ,,상면 물골길 210-15,가평군,대한노인회 가평군지회,,,,,,,,,,,,
,,,노인,노인복지법,Y,노인여가복지시설,경로당,현1리 경로당,? ,윤군실,031-584-5553,? ,,조종면 현창로62번길 14-19,가평군,대한노인회 가평군지회,,,,,,,,,,,,
,,,노인,노인복지법,Y,노인여가복지시설,경로당,현2리 경로당,? ,김춘자,031-584-4831,? ,,조종면 안곡로 1,가평군,대한노인회 가평군지회,,,,,,,,,,,,
,,,노인,노인복지법,Y,노인여가복지시설,경로당,현3리 경로당,? ,문복순,031-584-6582,? ,,조종면 연등길 38,가평군,대한노인회 가평군지회,,,,,,,,,,,,
,,,노인,노인복지법,Y,노인여가복지시설,경로당,현4리 경로당,? ,박범석,031-585-0408,? ,,조종면 조종내길 89,가평군,대한노인회 가평군지회,,,,,,,,,,,,
,,,노인,노인복지법,Y,노인여가복지시설,경로당,현5리 경로당,? ,김명일,031-585-3430,? ,,조종면 청군로 1347-6,가평군,대한노인회 가평군지회,,,,,,,,,,,,
,,,노인,노인복지법,Y,노인여가복지시설,경로당,현6리 경로당,? ,김두만,031-584-3707,? ,,조종면 연인산로 18,가평군,대한노인회 가평군지회,,,,,,,,,,,,
,,,노인,노인복지법,Y,노인여가복지시설,경로당,현7리 경로당,? ,김수영,,? ,,조종면 조종희망로 58,가평군,대한노인회 가평군지회,,,,,,,,,,,,
,,,노인,노인복지법,Y,노인여가복지시설,경로당,신상1리 경로당,? ,한상식,031-585-0955,? ,,조종면 운악청계로 253,가평군,대한노인회 가평군지회,,,,,,,,,,,,
,,,노인,노인복지법,Y,노인여가복지시설,경로당,신상2리 경로당,? ,임양섭,031-585-3088,? ,,조종면 운악청계로 365,가평군,대한노인회 가평군지회,,,,,,,,,,,,
,,,노인,노인복지법,Y,노인여가복지시설,경로당,신상3리 경로당,? ,민형식,031-584-5953,? ,,조종면 세곡로 105,가평군,대한노인회 가평군지회,,,,,,,,,,,,
,,,노인,노인복지법,Y,노인여가복지시설,경로당,운악리 경로당,? ,황태연,031-585-4007,? ,,조종면 운악청계로490번길 13,가평군,대한노인회 가평군지회,,,,,,,,,,,,
,,,노인,노인복지법,Y,노인여가복지시설,경로당,운악리(세구지) 경로당,? ,김성운,031-585-6936,? ,,조종면 명지산로 86,가평군,대한노인회 가평군지회,,,,,,,,,,,,
,,,노인,노인복지법,Y,노인여가복지시설,경로당,"운악리(동구,와곡) 경로당",? ,나정현,031-585-1117,? ,,조종면 현등사길 7-8,가평군,대한노인회 가평군지회,,,,,,,,,,,,
,,,노인,노인복지법,Y,노인여가복지시설,경로당,상판리 경로당,? ,김기현,031-585-1085,? ,,조종면 명지산로 325,가평군,대한노인회 가평군지회,,,,,,,,,,,,
,,,노인,노인복지법,Y,노인여가복지시설,경로당,신하리 경로당,? ,이기천,031-584-9929,? ,,조종면 연인산로 159,가평군,대한노인회 가평군지회,,,,,,,,,,,,
,,,노인,노인복지법,Y,노인여가복지시설,경로당,신하리(간촌) 경로당,? ,이윤세,,? ,,조종면 연인산로150번길 53-3,가평군,대한노인회 가평군지회,,,,,,,,,,,,
,,,노인,노인복지법,Y,노인여가복지시설,경로당,신하리(신복) 경로당,? ,김주록,,? ,,조종면 연인산로100번길 54,가평군,대한노인회 가평군지회,,,,,,,,,,,,
,,,노인,노인복지법,Y,노인여가복지시설,경로당,마일1리 경로당,? ,장동호,031-585-3827,? ,,조종면 연인산로 535,가평군,대한노인회 가평군지회,,,,,,,,,,,,
,,,노인,노인복지법,Y,노인여가복지시설,경로당,마일2리 경로당,? ,손춘식,031-584-5906,? ,,조종면 보름골길242번길 7,가평군,대한노인회 가평군지회,,,,,,,,,,,,
,,,노인,노인복지법,Y,노인여가복지시설,경로당,대보1리(이곡) 경로당,? ,공석,031-584-6814,? ,,조종면 대보간선로 155,가평군,대한노인회 가평군지회,,,,,,,,,,,,
,,,노인,노인복지법,Y,노인여가복지시설,경로당,대보1리(하곡) 경로당,? ,전영헌,031-585-1817,? ,,조종면 대보간선로 81,가평군,대한노인회 가평군지회,,,,,,,,,,,,
,,,노인,노인복지법,Y,노인여가복지시설,경로당,대보1리(다부산) 경로당,? ,이종식,031-584-1066,? ,,조종면 대보간선로 337,가평군,대한노인회 가평군지회,,,,,,,,,,,,
,,,노인,노인복지법,Y,노인여가복지시설,경로당,대보2리 경로당,? ,왕종락,031-585-3428,? ,,조종면 대보간선로611번길 5,가평군,대한노인회 가평군지회,,,,,,,,,,,,
,,,노인,노인복지법,Y,노인여가복지시설,경로당,우목골경로당,? ,홍재경,,? ,,조종면 명지산로 152,가평군,대한노인회 가평군지회,,,,,,,,,,,,
,,,노인,노인복지법,Y,노인여가복지시설,경로당,목동1리 경로당,? ,이광열,031-582-8444,? ,,북면 화악산로 8-12,가평군,대한노인회 가평군지회,,,,,,,,,,,,
,,,노인,노인복지법,Y,노인여가복지시설,경로당,목동2리 경로당,? ,지철헌,031-582-3868,? ,,북면 멱골로 169-10,가평군,대한노인회 가평군지회,,,,,,,,,,,,
,,,노인,노인복지법,Y,노인여가복지시설,경로당,소법1리 경로당,? ,이동수,031-582-7386,? ,,북면 손일로 128,가평군,대한노인회 가평군지회,,,,,,,,,,,,
,,,노인,노인복지법,Y,노인여가복지시설,경로당,소법2리 경로당,? ,김봉곤,031-582-7438,? ,,북면 화악산로 306,가평군,대한노인회 가평군지회,,,,,,,,,,,,
,,,노인,노인복지법,Y,노인여가복지시설,경로당,화악1리 경로당,? ,김길순,031-581-0069,? ,,북면 화악지암길 8,가평군,대한노인회 가평군지회,,,,,,,,,,,,
,,,노인,노인복지법,Y,노인여가복지시설,경로당,화악2리 경로당,? ,김영도,031-582-8755,? ,,북면 화악산로 1136,가평군,대한노인회 가평군지회,,,,,,,,,,,,
,,,노인,노인복지법,Y,노인여가복지시설,경로당,도대1리 경로당,? ,신금철,031-582-5998,? ,,,가평군,대한노인회 가평군지회,,,,,,,,,,,,
,,,노인,노인복지법,Y,노인여가복지시설,경로당,도대2리 경로당,? ,신원철,031-582-7579,? ,,북면 가화로 2462,가평군,대한노인회 가평군지회,,,,,,,,,,,,
,,,노인,노인복지법,Y,노인여가복지시설,경로당,적목리 경로당,? ,오세호,031-582-5253,? ,,북면 가화로 2681,가평군,대한노인회 가평군지회,,,,,,,,,,,,
,,,노인,노인복지법,Y,노인여가복지시설,경로당,백둔리 경로당,? ,정영호,031-582-9334,? ,,북면 백둔로467번길 13,가평군,대한노인회 가평군지회,,,,,,,,,,,,
,,,노인,노인복지법,Y,노인여가복지시설,경로당,제령리 경로당,? ,이윤재,031-582-9864,? ,,북면 가화로 1197-7,가평군,대한노인회 가평군지회,,,,,,,,,,,,
,,,노인,노인복지법,Y,노인여가복지시설,경로당,이곡1리 경로당,? ,이재신,031-582-2516,? ,,북면 내촌길 50,가평군,대한노인회 가평군지회,,,,,,,,,,,,
,,,노인,노인복지법,Y,노인여가복지시설,경로당,이곡2리 경로당,? ,박선장,031-582-5772,? ,,북면 가화로 939,가평군,대한노인회 가평군지회,,,,,,,,,,,,
,,,노인,노인복지법,Y,노인여가복지시설,경로당 (분회),가평읍분회,? ,이성재,031-582-7210,? ,031-582-7211,가평읍 가화로 26-25,가평군,대한노인회 가평군지회,,,,,,,,,,,,
,,,노인,노인복지법,Y,노인여가복지시설,경로당 (분회),설악면분회,? ,박창부,031-584-7220,? ,031-585-2003,설악면 신천중앙로120번길 6-86,가평군,대한노인회 가평군지회,,,,,,,,,,,,
,,,노인,노인복지법,Y,노인여가복지시설,경로당 (분회),청평면분회,? ,권훈상,031-584-0580,? ,031-585-1080,청평면 청평중앙로 64,가평군,대한노인회 가평군지회,,,,,,,,,,,,
,,,노인,노인복지법,Y,노인여가복지시설,경로당 (분회),상면분회,? ,어성수,031-584-9038,? ,031-584-9038,상면 청군로 1107-1,가평군,대한노인회 가평군지회,,,,,,,,,,,,
,,,노인,노인복지법,Y,노인여가복지시설,경로당 (분회),조종면분회,? ,노해성,031-585-0325,? ,070-8150-0325,조종면 현창로 62,가평군,대한노인회 가평군지회,,,,,,,,,,,,
,,,노인,노인복지법,Y,노인여가복지시설,경로당 (분회),북면분회,? ,정용준,031-582-5486,? ,031-582-5486,북면 화악산로11번길 6-8,가평군,대한노인회 가평군지회,,,,,,,,,,,,
,,,노인,노인복지법,Y,노인여가복지시설,노인교실,대한노인회 가평군지회 부설노인대학,132-82-86257,김춘기,031-585-6063,? ,031-585-7084,가평읍 가화로 64,법인,사단법인 대한노인회 가평군지회,,,,,,,,,,,,
,,,노인,노인복지법,Y,노인여가복지시설,노인복지관,가평군노인복지관,132-82-83809,김정민,031-582-0763,official@gpsilver.org,031-582-4181,가평읍 가화로 161,법인,재단법인 가평군복지재단,,,,,,,,,,,http://www.gpsilver.org/,
,,,노인,노인복지법,Y,노인여가복지시설,노인복지관,청평노인복지관,? 119-82-91010,김인규,031-582-8879,? ,031-584-8879,"청평면 은고개로 39, 2층",법인,재단법인 가평군복지재단,,,,,,,,,,,https://www.8879.or.kr/,
,,,노인,노인복지법,Y,노인의료복지시설,노인요양 공동생활가정,가평효사랑요양원,855-80-02147,유순애,031-581-0688,5810688@gmail.com,,가평읍 용추로 6,개인,유순애,9,8,,,,,,,,,,9인 이하 소규모 가정이용형
,,,노인,노인복지법,Y,노인의료복지시설,노인요양 공동생활가정,상면효사랑요양원,255-80-01746,김영순,031-584-0686,hyo5840686@gmail.com,,상면 솔안길 26,개인,김인규,8,7,,,,,,,,,,9인 이하 소규모 가정이용형
,,,노인,노인복지법,Y,노인의료복지시설,노인요양 공동생활가정,노인요양 생명의 빛,,이정순,031-585-2009,healthy7@hanmail.net,,상면 기와집길 10,개인,,9,8,,,,,,,,,,소규모 노인요양공동생활가정
,,,노인,노인복지법,Y,노인의료복지시설,노인요양 공동생활가정,다일숲속요양원,205-82-60268,주신자,031-585-0009,grouphome@dail.org,,설악면 봉미산안길 330-1,법인,사회복지법인 다일복지재단,9,0,,,,,,,,,,소규모 노인요양공동생활가정
,,,노인,노인복지법,Y,노인의료복지시설,노인요양시설,가평꽃동네 평화의집,,김기숙(리드비나),031-589-0102,kkot225@hanmil.net,031-589-0226,조종면 꽃동네길 52,법인,사회복지법인 (재)예수의꽃동네유지재단(한국천주교 청주교구 소속),99,64,,,,,,,,,http://senior.kkotgp.or.kr/,대규모 법인 요양시설
,,,노인,노인복지법,Y,노인의료복지시설,노인요양시설,백둔리상신노인전문요양원,132-82-70338,박재현,031-582-9080,divayj0505@gmail.com,031-582-2551,북면 백둔로 380-102,법인,재단법인 대한예수교장로회 서울노회유지재단 상신교회(대한예수교장로회),29,26,,,,,,,,,www.sangsincare.com,수려한 자연환경 내 전문 요양
,,,노인,노인복지법,Y,노인의료복지시설,노인요양시설,우남휴드림케어,615-85-38057,김승희,031-585-8161,woonam0101@naver.com,031-585-8177,설악면 유명로 1808-20,개인,박순정,84,50,,,,,,,,,http://www.우남휴드림케어.com,"현대식 시설, 넓은 야외 산책로"
,,,노인,노인복지법,Y,노인의료복지시설,노인요양시설,해암요양원,585-80-01875,박태룡,031-8078-7210,haeam1249@naver.com,031-8007-0783,청평면 경춘로 706,개인,박태룡,49,49,,,,,,,,,http://haeam1249.blog.me,노인성 질환 전문 케어
,,,노인,노인복지법,Y,노인의료복지시설,노인요양시설,열린복지랜드 웰빙요양원,,김희신,031-585-5060,kss5062@hanmail.net,031-584-5675,설악면 유명로 1906-22,법인,김희신,48,9,,,,,,,,,http://www.ohjc.org/,치매 및 중풍 노인 돌봄
,,,노인,노인복지법,Y,노인의료복지시설,노인요양시설,가평사랑의요양원,132-80-16892,장은주,031-582-8463,chang4604@naver.com,,가평읍 태봉두밀로 525-137,개인,장은주,28,17,,,,,,,,,http://www.xn--9i2br6op3du3avi41a.kr/,가족적인 분위기의 요양시설
,,,노인,노인복지법,Y,노인의료복지시설,노인요양시설,샘물복지타운,,김태일,031-585-6271,kti_7284@naver.com,031-585-7084,상면 물골길 441-129,개인,김태일,29,20,,,,,,,,,http://sm2000.modoo.at,맞춤형 요양 서비스 제공
,,,노인,노인복지법,Y,노인의료복지시설,노인요양시설,설악양지노인요양원,808-80-01671,정경원,031-585-5805, yanggi2285@naver.com,031-585-5574,설악면 유명로 2285,개인,정경원,27,26,,,,,,,,,http://sayj9988.kr,노인성 질환자 전문 요양
,,,노인,노인복지법,Y,노인의료복지시설,노인요양시설,한솔너싱홈 청평센터,105-90-26247,이순행,031-584-3889,hsnhome@naver.com,031-584-3887,청평면 북한강로 2070,개인,이순행,75,43,,,,,,,,,www.hansolnc.com/,전문 간호 및 요양 서비스
,,,노인,노인복지법,Y,노인의료복지시설,노인요양시설,정다운요양원,335-80-02212,정병욱,031-585-7460,jungdaun491@naver.com,031-585-7462,조종면 운악청계로491번길 106,개인,김애자,23,18,,,,,,,,,http://blog.naver.com/jungdaun491,소규모 집중 돌봄 시설
,,,노인,노인복지법,Y,노인의료복지시설,노인요양시설,청평설악요양원,,오상철,031-585-8866,nursingcarehome@naver.com,031-585-8865,설악면 유명로 1708-66,개인,오상철,29,22,,,,,,,,,http://www.seorakcare.com,
,,,노인,노인복지법,Y,노인의료복지시설,노인요양시설,이레요양원,131-80-27848,김영수,031-585-0947,bullkim7@naver.com,031-585-0948,설악면 유명로 1277-26,개인,,15,13,,,,,,,,,http://www.jirehlove.co.kr,소규모 전문 요양 시설
,,,노인,노인복지법,Y,노인주거복지시설, 노인복지주택,청심빌리지,132-82-06762,차상협,010-589-5300,,031-585-4100,설악면 미사리로 191-16,법인,사회복지법인 청심복지재단,310,,,,,,,,,,,시니어 타운 형태의 대규모 주택
,,,노인,노인복지법,Y,노인주거복지시설,노인공동생활가정,원방의 집,,이성완,031-581-1435,,,가평읍 호반로 2135,개인,,9,,,,,,,,,,,가정과 같은 주거환경 제공
,,,노인,노인복지법,Y,노인주거복지시설,노인복지주택,생명의빛홈타운,647-82-00479,김도경,031-5175-9811~2,hometown2022@naver.com,031-584-9815,설악면 봉미산안길 335,법인,밀알복지재단(이사장 홍정길),66,,,,,,,,,,http://생명의빛홈타운.com,노인 맞춤형 주거 복지주택
,,,노인,노인복지법,Y,노인주거복지시설,노인양로시설,아름다운 집,,김영애,031-582-8061,,,가평읍 복장포길 50,법인,사회복지법인 아름다운집재단(대표이사 정일웅),29,,,,,,,,,,,무료/유료 양로시설
,,,노인,노인복지법,Y,노인주거복지시설,노인양로시설,열린효경원,,김희신,031-585-5671,kss5062@hanmail.net,031-584-5675,설악면 유명로 1906-22,개인,김희신,22,,,,,,,,,,,노인 양로 및 주거 지원
,,,노인,"노인복지, 장기요양법",Y,재가노인복지시설,방문요양서비스 제공시설,효사랑재가노인복지센터,24182000105,,031-581-6661,pookr87@nate.com,,청평면 잠곡로 14 1층,개인,,,,,,,,,,,,http://ok114.co.kr/0315816661,"방문요양, 방문목욕"
,,,노인,"노인복지, 장기요양법",Y,재가노인복지시설,방문요양서비스 제공시설,굿모닝재가방문센터,34182000077,,031-581-8118,,,가평읍 오리나무길 4 2층,개인,,,,,,,,,,,,,"방문요양, 방문목욕"
,,,노인,"노인복지, 장기요양법",Y,재가노인복지시설,방문요양서비스 제공시설,가족사랑재가복지센터,24182000111,,031-584-5579,sundol20@naver.com,,청평면 청평중앙로 21 1층,개인,,,,,,,,,,,,,"방문요양, 방문목욕"
,,,노인,"노인복지, 장기요양법",Y,재가노인복지시설,방문요양서비스 제공시설,효드림방문요양센터,24182000115,,031-585-0188,taisoon4844@naver.com,,조종면 조종새싹로4번길 21 1층,개인,,,,,,,,,,,,http://xn--hy1bm6gu6as1av5od8g1zb493b1hl.kr/,방문요양
,,,노인,"노인복지, 장기요양법",Y,재가노인복지시설,방문요양서비스 제공시설,가평희망재가요양센터,34182000088,,031-584-6608,,,청평면 청평중앙로 17-1,개인,,,,,,,,,,,,http://blog.naver.com/1406324,방문요양
,,,노인,"노인복지, 장기요양법",Y,재가노인복지시설,방문요양서비스 제공시설,설악참사랑방문요양센터,34182000043,,031-584-5521,seh3711@naver.com,,설악면 신천중앙로120번길 6-70 101호,개인,,,,,,,,,,,,,"방문요양, 방문목욕"
,,,노인,"노인복지, 장기요양법",Y,재가노인복지시설,방문요양서비스 제공시설,행복한재가복지센터,24182000117,,031-585-5018,eunice2003@hanmail.net,,설악면 한서로156번길 52-20,개인,,,,,,,,,,,,http://blog.naver.com/eunice74311,"방문요양, 방문목욕"
,,,노인,"노인복지, 장기요양법",Y,재가노인복지시설,방문요양서비스 제공시설,가평으뜸재가복지센터,34182000066,,031-581-0026,ggonzza01@hanmail.net,,가평읍 가화로 135 1층,개인,,,,,,,,,,,,,방문요양
,,,노인,"노인복지, 장기요양법",Y,재가노인복지시설,방문요양서비스 제공시설,성심재가복지센터,34182000033,, 031-585-0263,sungsam0235@hanmail.net,,상면 원흥길 14,개인,,,,,,,,,,,,http://sungsimjaega.modoo.at,"방문요양, 방문목욕"
,,,노인,"노인복지, 장기요양법",Y,재가노인복지시설,방문요양서비스 제공시설,마음자리 방문간호센터,34182000061,,031-584-1407,,,청평면 청평중앙로 35,개인,,,,,,,,,,,,https://blog.naver.com/ttengii,"방문요양, 방문목욕, 방문간호"
,,,노인,"노인복지, 장기요양법",Y,재가노인복지시설,방문요양서비스 제공시설,가평한우리재가복지센터,34182000094,,031-581-6886,shsv6947@gmail.com,,가평읍 가화로 260,개인,,,,,,,,,,,,,"방문요양, 방문목욕"
,,,노인,"노인복지, 장기요양법",Y,재가노인복지시설,방문요양서비스 제공시설,샬롬재가요양센터,34182000045,,031-584-4697,scj1028@hanmail.net,,설악면 신천중앙로 120 2층,개인,,,,,,,,,,,,,"방문요양, 방문목욕"
,,,노인,"노인복지, 장기요양법",Y,재가노인복지시설,방문요양서비스 제공시설,행복재가복지센터,24182000122,,031-585-8291,jirehfgc@naver.com,,청평면 잠곡로 10 2층,개인,,,,,,,,,,,,,방문요양
,,,노인,"노인복지, 장기요양법",Y,재가노인복지시설,방문요양서비스 제공시설,신애원재가복지센터,24182000134,,031-584-8868,lonsin83@naver.com,,조종면 현창로56번길 13 ,개인,,,,,,,,,,,,,"방문요양, 방문목욕"
,,,노인,"노인복지, 장기요양법",Y,재가노인복지시설,방문요양서비스 제공시설,가평사랑재가방문요양센터,24182000142,,031-582-7779,ksh102776@hanmail.net,,가평읍 연인2길 10 3층 302호 (상아빌딩),개인,,,,,,,,,,,,,방문요양
,,,노인,"노인복지, 장기요양법",Y,재가노인복지시설,방문요양서비스 제공시설,보람재가복지센터,24182000147,,031-584-3320,yds6543@hanmail.net,,가평읍 가화로 33 2층,개인,,,,,,,,,,,,,방문요양
,,,노인,"노인복지, 장기요양법",Y,재가노인복지시설,방문요양서비스 제공시설,함께재가복지센터,24182000129,,031-584-6432,yhj6367@naver.com,,청평면 청평중앙로26번길 9 1층,개인,,,,,,,,,,,,,방문요양
,,,노인,"노인복지, 장기요양법",Y,재가노인복지시설,방문요양서비스 제공시설,다솜재가복지센터,24182000144,,031-585-7994,,,청평면 경춘로 1401 2층,개인,,,,,,,,,,,,,방문요양
,,,노인,"노인복지, 장기요양법",Y,재가노인복지시설,방문요양서비스 제공시설,심청이재가복지전문시설,24182000141,,031-584-8886,care8882@naver.com,,청평면 여울길 14 1층 (청평면),개인,,,,,,,,,,,,,방문요양
,,,노인,"노인복지, 장기요양법",Y,재가노인복지시설,방문요양서비스 제공시설,마음자리재가복지센터,24182000118,,031-584-1321,dmsgml7239@daum.net,,청평면 청평중앙로 45-1 2층,개인,,,,,,,,,,,,http://cafe.naver.com/0315841321,방문요양
,,,노인,"노인복지, 장기요양법",Y,재가노인복지시설,방문요양서비스 제공시설,사랑방재가복지센터,24182000145,,031-8078-7111,cplove2492@naver.com,,청평면 청평중앙로 6 1층,개인,,,,,,,,,,,,,방문요양
,,,노인,"노인복지, 장기요양법",Y,재가노인복지시설,방문요양서비스 제공시설,고운정재가복지센터,24182000138,,031-585-3588,onjeongs@naver.com,,청평면 북한강로1556번길 66-23,개인,,,,,,,,,,,,https://blog.naver.com/onjeongs,"방문요양, 방문목욕"
,,,노인,"노인복지, 장기요양법",Y,재가노인복지시설,방문요양서비스 제공시설,은혜로운재가복지센터,24182000120,,031-584-4344,lih2916@naver.com,,청평면 청평중앙로72번길 16 2층,개인,,,,,,,,,,,,http://blog.naver.com/lih2916,방문요양
,,,노인,"노인복지, 장기요양법",Y,재가노인복지시설,방문요양서비스 제공시설,선재재가복지센터,34182000093,,031-584-0657,han9062@hanmail.net,,청평면 남이터길 65 1동,개인,,,,,,,,,,,,,방문요양
,,,노인,"노인복지, 장기요양법",N,재가노인복지시설,복지용구서비스 제공시설,백세플러스의료기,34182000064,,031-585-2080,,,청평면 강변로 47,개인,,,,,,,,,,,,http://blog.naver.com/sky5852080,
,,,노인,"노인복지, 장기요양법",N,재가노인복지시설,복지용구서비스 제공시설,희망의료기센터,34182000082,,031-581-9411,kyj020507@naver.com,,가평읍 가화로 169 ,개인,,,,,,,,,,,,http://blog.naver.com/kyj020507,
,,,노인,"노인복지, 장기요양법",N,재가노인복지시설,복지용구서비스 제공시설,가평의료기복지용구,24182000128,,010-6555-9822,35688gp@naver.com,,가평읍 가화로 89 1층,개인,,,,,,,,,,,,https://blog.naver.com/36588help,
,,,노인,"노인복지, 장기요양법",N,재가노인복지시설,복지용구서비스 제공시설,봄봄의료기,24182000132,,031-582-3080,24herb@naver.com,,가평읍 가화로 140-2 1층,개인,,,,,,,,,,,,http://blog.naver.com/sky5823080,
,,,노인,"노인복지, 장기요양법",Y,재가노인복지시설,주야간보호 등 복합서비스 제공시설,가평중앙재가노인복지센터,24182000102,,031-581-0019,yun760518@hanmail.net,,가평읍 가화로 228-6,개인,,53,84,,,,,,,,, http://www. rkvudwnddkd.co.rk,"주야간(치매전담), 방문요양, 방문목욕"
,,,노인,"노인복지, 장기요양법",Y,재가노인복지시설,주야간보호 등 복합서비스 제공시설,소풍 노인주간보호센터,34182000073,,031-581-2006,picnic327@naver.com,,가평읍 양지말길 167,개인,,29,24,,,,,,,,,http://blog.naver.com/picnic327,"주야간, "
,,,노인,"노인복지, 장기요양법",Y,재가노인복지시설,주야간보호 등 복합서비스 제공시설,길누리어르신재가복지센터,34182000070,,031-584-2717,happy2717@naver.com,,가평읍 아랫마장길 48,개인,,31,28,,,,,,,,,http://cafenaver.com/gillurl68,
,,,노인,"노인복지, 장기요양법",Y,재가노인복지시설,주야간보호 등 복합서비스 제공시설,행복한재가복지센터,24182000117,,031-585-5018,eunice2003@hanmail.net,,설악면 한서로156번길 52-20,개인,,21,21,,,,,,,,,http://blog.naver.com/eunice74311,
,,,노인,"노인복지, 장기요양법",Y,재가노인복지시설,주야간보호 등 복합서비스 제공시설,청평노인주간보호센터,34182000072,,031-584-1761,jdb7106@nate.com,,청평면 강변로 45-11,개인,,24,27,,,,,,,,,,"주야간, 방문요양"
,,,노인,"노인복지, 장기요양법",Y,재가노인복지시설,주야간보호 등 복합서비스 제공시설,생명의빛주간보호1호,34182000097,,031-585-5290,healthy7@hanmail.net,,상면 기와집길 8,개인,,20,13,,,,,,,,,,주야간
,,,노인,"노인복지, 장기요양법",Y,재가노인복지시설,주야간보호 등 복합서비스 제공시설,A+가평주야간보호센터,24182000114,,031-582-9988,aplus_care@naver.com,,가평읍 문화로 154 1층,개인,,51,49,,,,,,,,,http://https://blog.naver.com/aplus_gp_care,"주야간, 방문요양"
,,,노인,"노인복지, 장기요양법",Y,재가노인복지시설,주야간보호 등 복합서비스 제공시설,생명의빛주간보호센터,34182000063,,031-585-2009,healthy7@hanmail.net,,상면 기와집길 10,개인,,9,9,,,,,,,,,,주야간
,,,노인,"노인복지, 장기요양법",Y,재가노인복지시설,주야간보호 등 복합서비스 제공시설,하나재가노인복지센터,34182000069,,031-581-0042,hana66199@naver.com,,가평읍 가화로 166,개인,,35,23,,,,,,,,,http://cafe.naver.com/hana6619,"주야간, 방문요양"
,,,노인,"노인복지, 장기요양법",Y,재가노인복지시설,주야간보호 등 복합서비스 제공시설,설악양지재가노인복지센터,24182000109,,031-585-5870,yangji12285@naver.com,,설악면 유명로 2285,개인,,25,25,,,,,,,,,http://seorakcare.ad-media.kr/,"주야간(치매전담), 방문요양"
,,,노인,"노인복지, 장기요양법",Y,재가노인복지시설,주야간보호 등 복합서비스 제공시설,예사랑재가복지센터,24182000116,,031-584-5679,lkoleeok@nate.com,,조종면 현창로 28-5 4층,개인,,28,23,,,,,,,,,http://blog.naver.com/lkoieeok1,"주야간, 방문요양, 방문목욕"
,,,노인,"노인복지, 장기요양법",Y,재가노인복지시설,주야간보호 등 복합서비스 제공시설,청평돌봄주야간재가센터,24182000127,,031-584-9982,rhdudwo0213@naver.com,,청평면 청평중앙로 47-5 1층,개인,,30,25,,,,,,,,,,"주야간, 방문요양"
,,,노인,"노인복지, 장기요양법",Y,재가노인복지시설,주야간보호 등 복합서비스 제공시설,플러스안먹골주간보호센터,24182000124,,031-585-6750,pookr87@nate.com,,상면 안먹골길 70-1,개인,,40,32,,,,,,,,,http://daycareplus@naver.com,주야간
,,,노인,"노인복지, 장기요양법",Y,재가노인복지시설,주야간보호 등 복합서비스 제공시설,늘푸른주야간재가복지센터,24182000135,,031-585-0788,lj0210@naver.com,,청평면 강변나루로 74-6,개인,,14,14,,,,,,,,,,"주야간, 방문요양"
,,,노인,"노인복지, 장기요양법",Y,재가노인복지시설,주야간보호 등 복합서비스 제공시설,조종재활재가노인복지센터,24182000143,,031-585-0373,isarang1024@naver.com,,조종면 조종새싹로 49 1층,개인,,45,14,,,,,,,,,http://blog.naver.com/jojong0373,"주야간, 방문요양"
,,,노인,"노인복지, 장기요양법",Y,재가노인복지시설,주야간보호 등 복합서비스 제공시설,청평설악주야간재가복지센터,24182000137,,031-585-8890,winybob@hanmail.net,,설악면 유명로 1708-66,개인,,24,17,,,,,,,,,http:////blog.naver.com/daycare7371,주야간
,,,아동,아동복지법,Y,아동돌봄시설,다함께돌봄센터,가평읍 행복자람돌봄센터,? 641-82-00409,오미경,070-4129-1000,? ,,"가평읍 석봉로191번길 10, 2층",법인,가평군복지재단,,,,,,,,,,,http://www.gcwf.or.kr/gcwf/sub02_04.php,
,,,아동,아동복지법,Y,아동돌봄시설,다함께돌봄센터,설악면 다함께돌봄센터,? ,노수정,031-584-0612,? ,031-584-0613,설악면 한서로 18-16,법인,가평군복지재단,,,,,,,,,,,http://www.gcwf.or.kr/gcwf/,
,,,아동,아동복지법,Y,아동돌봄시설,다함께돌봄센터,청평면 다함께돌봄센터,? ,김동숙,031-584-0456,? ,031-584-0457,"청평면 청평중앙로72번길 3, 2층",법인,가평군복지재단,,,,,,,,,,,,
,,,아동,아동복지법,Y,아동돌봄시설,다함께돌봄센터,조종면 다함께돌봄센터,? ,피일연,031-585-0920,? ,031-585-0921,조종면 조종내길 73,법인,가평군복지재단,,,,,,,,,,,,
,,,아동,아동복지법,Y,아동복지시설,공동생활가정(그룹홈),행복이 가득한 집,,이상미,070-4103-7045,,,설악면 유명산길 64,개인,,7,,,,,,,,,,https://www.kkot.or.kr/home/,가정형 아동 보호시설
,,,아동,아동복지법,Y,아동복지시설,공동생활가정(그룹홈),사랑이 가득한 집,,이상미,031-584-7041,,,"설악면 유명로 1090-9, A동",개인,,7,,,,,,,,,,,가정형 아동 보호시설
,,,아동,아동복지법,Y,아동복지시설,공동생활가정(그룹홈),썸머힐,,나성금,031-584-2019,summerhill48@naver.com,,"청평면 경춘로 807-45, 105동 102호 (청평세양청마루아파트)",개인,나성금,7,,,,,,,,,,,아파트 단지 내 공동생활가정
,,,아동,가평군 어린이 놀이체험시설 관리 및 운영조례,N,아동복지시설,어린이 놀이체험 시설,가평군어린이음악놀이터,,가평군수,031-581-2246,,,가평읍 중앙로 10,가평군,사회복지과 아동돌봄팀,,,,,,,,,,,https://www.gp.go.kr/portal/contents.do?key=2238,
,,,아동,아동복지법,Y,아동복지시설,지역아동센터,가평지역아동센터,? ,조계영,070-7404-2722,gpccc2722@hanmail.net,031-582-2722,가평읍 아랫마장길 16,개인,조계영,,,,,,,,,,,https://www.hjy.kr/center/index.php?cId=kilbg,
,,,아동,아동복지법,Y,아동복지시설,지역아동센터,설악지역아동센터,? ,이미경,031-584-9459,mikyoung222@nate.com,,설악면 탐선길 16,개인,이미경,,,,,,,,,,,https://www.ion.or.kr/gpsa222,
,,,아동,아동복지법,Y,아동복지시설,지역아동센터,청평지역아동센터,? 132-80-14690,김순태,031-584-5963,khong3021@naver.com,031-584-5968,청평면 잠곡로 22,개인,김순태,,,,,,,,,,,https://ion.or.kr/khong3021,
,,,아동,아동복지법,Y,아동복지시설,지역아동센터,또래지역아동센터,? ,백오인,031-585-0477,isarang1024@hanmail.net,031-585-3683,"조종면 조종새싹로 49, 또래아이사랑교육센터 2층",개인,백오인,,,,,,,,,,,https://www.ion.or.kr/isarang1024,
,,,아동,아동복지법,Y,아동복지시설,학대피해아동쉼터,가평군 한울,,이재학,,,,비공개 운영,법인,가평군복지재단,7,,,,,,,,,,,학대피해아동 긴급분리 및 일시보호
,,,여성(가정),건강가정기본법,N,특정대상 맞춤형 통합서비스 제공기관,"가족센터 (건강가정지원센터, 다문화가족지원센터 통합)",가평군가족센터,132-82-80573,강성옥,031-582-9902,gp9902@naver.com,031-582-9903,"가평읍 보납로 33, 가평이음터 2층",법인,(사)가정을건강하게하는시민의모임,,,,,,,,,,,https://gapyeong.familynet.or.kr/center/index.do,
,,,여성(가정),가평군 여성비전센터 설치 및 운영조례,N,여성가족복지시설,여성회관,가평여성비젼센터,132-82-06966,최승수,031-8078-8081~2,? ,070-8250-1398,가평읍 문화로 131,공단,가평군시설관리공단,,,,,,,,,,,https://www.gpfmc.or.kr/page/selectPage.do?muNo=595,
,,,영유아,영유아보육법,Y,아동복지시설,영유아보육시설/어린이집,가평어린이집,829-82-00386,민병은,031-582-3069,minbe777@hanmail.net,031-581-3069,가평읍 가화로 163,국공립,재단법인 가평군복지재단,72,60,,,,,,,,,https://cafe.naver.com/gapyeongkids,
,,,영유아,영유아보육법,Y,아동복지시설,영유아보육시설/어린이집,가평자이어린이집,,김태희,031-581-1337,,301-581-1337,"가평읍 문화로 91, 104동 L층 (가평자이아파트)",국공립,가평군,25,19,,,,,,,,,,
,,,영유아,영유아보육법,Y,아동복지시설,영유아보육시설/어린이집,아이편한어린이집,,정미영,031-582-1005,,,"가평읍 문화로 167, 101동 1층 (e편한세상가평퍼스트원)",국공립,가평군,29,19,,,,,,,,,,
,,,영유아,영유아보육법,Y,아동복지시설,영유아보육시설/어린이집,설악어린이집,? ,안건해,031-584-5687,? ,031-584-5684,설악면 한서로 18-16,국공립,재단법인 가평군복지재단,59,45,,,,,,,,,,
,,,영유아,영유아보육법,Y,아동복지시설,영유아보육시설/어린이집,청평새나래어린이집,? ,박정규,031-584-5844,pju6170@hanmail.net,,청평면 구청평로 58,국공립,재단법인 가평군복지재단,85,51,,,,,,,,,,
,,,영유아,영유아보육법,Y,아동복지시설,영유아보육시설/어린이집,조종하나어린이집,? ,이은숙,031-585-1105,gcwf2210@daum.net,031-585-1175,조종면 조종희망로26번길 25,국공립,재단법인 가평군복지재단,62,61,,,,,,,,,,
,,,영유아,영유아보육법,Y,아동복지시설,영유아보육시설/어린이집,북면어린이집,? ,박봉실,031-582-8357,pbsgoems71@naver.com,,북면 석장모루길 10,국공립,가평군,58,18,,,,,,,,,,
,,,영유아,영유아보육법,Y,아동복지시설,영유아보육시설/어린이집,한석봉어린이집,? ,윤정규,031-581-1478,alindaeim@gmail.com,,가평읍 석봉로191번길 19,국공립,재단법인 가평군복지재단,70,65,,,,,,,,,http://hsbchildcare.kr/,
,,,영유아,영유아보육법,Y,아동복지시설,영유아보육시설/어린이집,보람어린이집,,신현영,031-585-6543,shy6312@hanmail.net,031-584-6543,상면 청군로 961-41,법인,사회복지법인 보람어린이집,59,16,,,,,,,,,,
,,,영유아,영유아보육법,Y,아동복지시설,영유아보육시설/어린이집,맹호어린이집,? ,강현민,031-585-1133,meungho0229@naver.com,031-585-1131,조종면 청군로 1208,직장,육군 제7021부대,58,37,,,,,,,,,,
,,,영유아,영유아보육법,Y,아동복지시설,영유아보육시설/어린이집,꿈에그린어린이집,? ,이미오,031-585-1002,mieero@hanmail.net,,조종면 청군로 1149,직장,육군 제7021부대,30,27,,,,,,,,,,
,,,영유아,영유아보육법,Y,아동복지시설,영유아보육시설/어린이집,사랑의동산어린이집,? ,장인선,031-584-6057,dongsan6057@hanmail.net,031-585-7057,청평면 청평중앙로 39-1,법인·단체,대한예수교장로회(합동) 청평교회(청평장로교회),62,17,,,,,,,,,https://cafe.naver.com/lovedongsan,
,,,영유아,영유아보육법,Y,아동복지시설,영유아보육시설/어린이집,청평어린이집,132-89-03522,이명해,031-584-0237,? ,031-585-9925,청평면 잠곡로 59,법인·단체,청평장로교회(청평교회),49,20,,,,,,,,,,
,,,영유아,영유아보육법,Y,아동복지시설,영유아보육시설/어린이집,꼬마별어린이집,? ,김미희,031-585-0037,? ,,"가평읍 가화로 223, 101동 106호 (에이원파란채)",가정,김미희,20,7,,,,,,,,,,
,,,영유아,영유아보육법,Y,아동복지시설,영유아보육시설/어린이집,해든나라어린이집,? ,이성현,031-582-5795,? ,,"가평읍 중촌로 15-51, 102호 (에코아파트)",가정,박봉실,20,13,,,,,,,,,,
,,,영유아,영유아보육법,Y,아동복지시설,영유아보육시설/어린이집,쁘띠베베어린이집,? ,박소현,031-584-1529,hoho8306@hanmail.net,031-585-1528,조종면 청군로 1319,가정,박소현,18,11,,,,,,,,,,
,,,영유아,영유아보육법,Y,아동복지시설,영유아보육시설/어린이집,동화마을어린이집,? ,김복순,031-584-2513,lomakim@naver.com,031-584-2518,"설악면 신천중앙로120번길 20-45, B동 102호 (에코빌라)",가정,김복순,20,15,,,,,,,,,,
,,,영유아,영유아보육법,Y,아동복지시설,영유아보육시설/어린이집,두손어린이집,132-80-08956,안혜원,031-582-6336,,031-582-6338,가평읍 정간내로19번길 22,민간,경지현,78,58,,,,,,,,,https://m.cafe.daum.net/gpdooson/_rec,
,,,영유아,영유아보육법,Y,아동복지시설,영유아보육시설/어린이집,남이섬어린이집,,탁재윤,031-581-8601,poisunee@naver.com,031-581-8602,가평읍 북한강변로 1007-34,직장,주식회사 남이섬,60,22,,,,,,,,,,
,,,영유아,영유아보육법,Y,아동복지시설,영유아보육시설/어린이집,세종대왕어린이집,,김미정,031-585-3420,,031-585-3421,조종면 조종새싹로 64,민간,이명모,80,44,,,,,,,,,,
,,,영유아,영유아보육법,Y,아동복지시설,영유아보육시설/어린이집,엔젤어린이집,,임수연,031-585-9170,angelyouto@hanmail.net,,조종면 연인산로 19-1,민간,임수연,39,16,,,,,,,,,,
,,,영유아,영유아보육법,Y,아동복지시설,영유아보육시설/어린이집,예원어린이집,,이미숙,031-581-7292,,031-581-7545,가평읍 가화로 202,민간,이미숙,88,44,,,,,,,,,http://cafe.daum.net/kids…,
,,,영유아,영유아보육법,Y,아동복지시설,영유아보육시설/어린이집,청심어린이집,,황태연,031-589-9900,leejungeun0727@naver.com,031-589-9917,설악면 미사리로270번길 24,민간,백종민,34,27,,,,,,,,,https://cafe.naver.com/cjdtla9900,
,,,영유아,영유아보육법,Y,아동복지시설,영유아보육시설/어린이집,해맑은어린이집,,이경란,031-584-0661,,,청평면 강변나루로 54 청평삼성쉐르빌 관리동,민간,이경란,28,15,,,,,,,,,https://12454haemaleun.kidsnote.ac/home/main,
,,,영유아,영유아보육법,Y,아동복지시설,영유아보육시설/어린이집,홍익어린이집,315-80-04351,엄태연,031-581-2662,eomty78@naver.com,,가평읍 석봉로153번길 16,민간,김상국,98,40,,,,,,,,,,
,,,영유아,영유아보육법,Y,아동복지시설,영유아보육시설/어린이집,환두레어린이집,132-80-35792,박은종,031-582-8605,hwandoorae@naver.com,031-582-8607,가평읍 석봉로3번길 68-15,민간,탁재윤,48,14,,,,,,,,,,
,,,영유아,영유아보육법,Y,육아종합지원센터,육아종합지원센터,가평군육아종합지원센터,? 446-82-00371,이연희,031-8078-8100,isarang@gpicare.or.kr,031-8078-8400,"가평읍 석봉로191번길 19, 3층",법인,사회복지법인 사랑교육복지재단,,,,,,,,,,,www.gpicare.or.kr,
,,,의료복지,지역보건법,N,공공보건의료기관,보건소,가평군보건소,,장우진,031-582-2488,,,가평읍 가화로 155-18,가평군,가평군수,,,,,,,,,,,https://www.gp.go.kr/health/index.do,
,,,의료복지,지역보건법,N,공공보건의료기관,보건지소,북면보건지소,,,031-580-4293,,,북면 화악산로 23,가평군,가평군수,,,,,,,,,,,,
,,,의료복지,지역보건법,N,공공보건의료기관,보건지소,상면보건지소,,,031-580-4194,,,상면 청군로 1099,가평군,가평군수,,,,,,,,,,,,
,,,의료복지,지역보건법,N,공공보건의료기관,보건지소,설악면보건지소,,,031-580-4091,,,설악면 한서로 6,가평군,가평군수,,,,,,,,,,,,
,,,의료복지,지역보건법,N,공공보건의료기관,보건지소,조종면보건지소,,,031-580-4242,,,조종면 조종내길 75,가평군,가평군수,,,,,,,,,,,,
,,,의료복지,지역보건법,N,공공보건의료기관,보건지소,청평면보건지소,,,031-580-4142,,,청평면 은고개로 21,가평군,가평군수,,,,,,,,,,,,
,,,의료복지,농어촌 보건의료법,N,공공보건의료기관,보건진료소,개곡리보건진료소,,,031-582-1191,,,가평읍 당목가일길 211-9,가평군,가평군수,,,,,,,,,,,,
,,,의료복지,농어촌 보건의료법,N,공공보건의료기관,보건진료소,도대리보건진료소,,,031-582-0388,,,북면 가화로 2370-14,가평군,가평군수,,,,,,,,,,,,
,,,의료복지,농어촌 보건의료법,N,공공보건의료기관,보건진료소,미사리보건진료소,,,031-584-4166,,,설악면 미사리로 629,가평군,가평군수,,,,,,,,,,,,
,,,의료복지,농어촌 보건의료법,N,공공보건의료기관,보건진료소,방일리보건진료소,,,031-584-7051,,,설악면 양방가루재길 4-18,가평군,가평군수,,,,,,,,,,,,
,,,의료복지,농어촌 보건의료법,N,공공보건의료기관,보건진료소,백둔리보건진료소,,,031-582-1011,,,북면 백둔로 417-9,가평군,가평군수,,,,,,,,,,,,
,,,의료복지,농어촌 보건의료법,N,공공보건의료기관,보건진료소,산유리보건진료소,,,031-582-0294,,,가평읍 호반로 1799-8,가평군,가평군수,,,,,,,,,,,,
,,,의료복지,농어촌 보건의료법,N,공공보건의료기관,보건진료소,삼회리보건진료소,,,031-584-2242,,,청평면 북한강로2010번길 18,가평군,가평군수,,,,,,,,,,,,
,,,의료복지,농어촌 보건의료법,N,공공보건의료기관,보건진료소,상천리보건진료소,,,031-584-1795,,,청평면 수리재길 293-19,가평군,가평군수,,,,,,,,,,,,
,,,의료복지,농어촌 보건의료법,N,공공보건의료기관,보건진료소,설곡리보건진료소,,,031-584-7771,,,설악면 봉미산안길7번길 1-6,가평군,가평군수,,,,,,,,,,,,
,,,의료복지,농어촌 보건의료법,N,공공보건의료기관,보건진료소,운악리보건진료소,,,031-585-1128,,,조종면 현등사길 7-16,가평군,가평군수,,,,,,,,,,,,
,,,의료복지,농어촌 보건의료법,N,공공보건의료기관,보건진료소,위곡리보건진료소,,,031-584-7205,,,설악면 한서로 227,가평군,가평군수,,,,,,,,,,,,
,,,의료복지,농어촌 보건의료법,N,공공보건의료기관,보건진료소,율길리보건진료소,,,031-584-3494,,,상면 청군로 2043-15,가평군,가평군수,,,,,,,,,,,,
,,,의료복지,농어촌 보건의료법,N,공공보건의료기관,보건진료소,임초리보건진료소,,,031-585-1736,,,상면 청군로 699,가평군,가평군수,,,,,,,,,,,,
,,,의료복지,농어촌 보건의료법,N,공공보건의료기관,보건진료소,태봉리보건진료소,,,031-585-1568,,,상면 아랫벌길 11,가평군,가평군수,,,,,,,,,,,,
,,,의료복지,농어촌 보건의료법,N,공공보건의료기관,보건진료소,화악리보건진료소,,,031-582-3011,,,북면 화악지암길 4,가평군,가평군수,,,,,,,,,,,,
,,,의료복지,약사법,N,보건의료기관,약국,가평온누리약국,,,031-581-8777,,,가평읍 가화로 113,,,,,,,,,,,,,,
,,,의료복지,약사법,N,보건의료기관,약국,가평중앙약국,,,031-581-7522,,,"가평읍 연인1길 1, 1층 (임내과의원)",,,,,,,,,,,,,,
,,,의료복지,약사법,N,보건의료기관,약국,메디칼약국,,,031-582-4999,,,"가평읍 장터3길 10, 1층",,,,,,,,,,,,,,
,,,의료복지,약사법,N,보건의료기관,약국,보명약국,,,031-582-7639,,,"가평읍 가화로 123, 1층",,,,,,,,,,,,,,
,,,의료복지,약사법,N,보건의료기관,약국,약손약국,,,031-582-9327,,,가평읍 정간내로 1,,,,,,,,,,,,,,
,,,의료복지,약사법,N,보건의료기관,약국,연인산약국,,,031-581-8362,,,가평읍 가화로 47,,,,,,,,,,,,,,
,,,의료복지,약사법,N,보건의료기관,약국,우림약국,,,031-582-5661,,,가평읍 가화로 155-19,,,,,,,,,,,,,,
,,,의료복지,약사법,N,보건의료기관,약국,은혜약국,,,031-582-6465,,,가평읍 연인길 3,,,,,,,,,,,,,,
,,,의료복지,약사법,N,보건의료기관,약국,조일약국,,,031-581-1718,,,가평읍 석봉로 224,,,,,,,,,,,,,,
,,,의료복지,약사법,N,보건의료기관,약국,한마음약국,,,031-582-2174,,,"가평읍 석봉로 198, 1층",,,,,,,,,,,,,,
,,,의료복지,약사법,N,보건의료기관,약국,한천당약국,,,031-582-4994,,,가평읍 가화로 118,,,,,,,,,,,,,,
,,,의료복지,약사법,N,보건의료기관,약국,감초온누리약국,,,031-585-1008,,,설악면 신천중앙로88번길 1,,,,,,,,,,,,,,
,,,의료복지,약사법,N,보건의료기관,약국,고향약국,,,031-584-1902,,,설악면 한서로 9,,,,,,,,,,,,,,
,,,의료복지,약사법,N,보건의료기관,약국,대성약국,,,031-584-1050,,,"설악면 신천중앙로 118, 상가 102호",,,,,,,,,,,,,,
,,,의료복지,약사법,N,보건의료기관,약국,설악약국,,,0507-1359-7652,,,설악면 미사리로540번길 51,,,,,,,,,,,,,,
,,,의료복지,약사법,N,보건의료기관,약국,용한약국,,,031-584-7322,,,설악면 신천중앙로132번길 3,,,,,,,,,,,,,,
,,,의료복지,약사법,N,보건의료기관,약국,효정약국,,,031-585-7639,,,"설악면 미사리로 267-181, 1층",,,,,,,,,,,,,,
,,,의료복지,약사법,N,보건의료기관,약국,굿모닝약국,,,031-585-4638,,,청평면 청평중앙로 45-1,,,,,,,,,,,,,,
,,,의료복지,약사법,N,보건의료기관,약국,란약국,,,031-581-0625,,,"청평면 경춘로 1401, 2층",,,,,,,,,,,,,,
,,,의료복지,약사법,N,보건의료기관,약국,종로약국,,,031-584-8716,,,청평면 청평중앙로 37-1,,,,,,,,,,,,,,
,,,의료복지,약사법,N,보건의료기관,약국,중앙약국,,,031-8078-7169,,,"청평면 청평중앙로 53, 1층",,,,,,,,,,,,,,
,,,의료복지,약사법,N,보건의료기관,약국,청평약국,,,031-584-0263,,,"청평면 청평중앙로 57, 1층",,,,,,,,,,,,,,
,,,의료복지,약사법,N,보건의료기관,약국,프라자약국,,,031-584-0315,,,청평면 청평중앙로 35,,,,,,,,,,,,,,
,,,의료복지,약사법,N,보건의료기관,약국,행복한온누리약국,,,031-585-6897,,,청평면 청평중앙로 52,,,,,,,,,,,,,,
,,,의료복지,약사법,N,보건의료기관,약국,모범약국,,,031-585-9630,,,상면 청군로 696,,,,,,,,,,,,,,
,,,의료복지,약사법,N,보건의료기관,약국,서울프라자약국,,,031-585-1007,,,조종면 현창로38번길 4-1,,,,,,,,,,,,,,
,,,의료복지,약사법,N,보건의료기관,약국,우리약국,,,031-585-4599,,,조종면 현창로 37,,,,,,,,,,,,,,
,,,의료복지,약사법,N,보건의료기관,약국,현대약국,,,031-584-3524,,,조종면 현창로 41-1,,,,,,,,,,,,,,
,,,의료복지,약사법,N,보건의료기관,약국,단비약국,,,031-582-815,,,북면 화악산로 9,,,,,,,,,,,,,,
,,,의료복지,의료법,N,의료시설,병원(정신),노체리안드리자애병원,,,031-589-0301,,,조종면 꽃동네길 46,,,,,,,,,,,,,,
,,,의료복지,의료법,N,의료시설,병원,에이치제이매그놀리아국제병원,,,031-589-4300,,,설악면 미사리로 267-177,,,,,,,,,,,,,http://www.hjmmc.or.kr/,
,,,의료복지,의료법,N,의료시설,병원,가평산속요양병원,,,031-584-8900,,,상면 대보간선로 889,,,,,,,,,,,,,,
,,,의료복지,의료법,N,의료시설,병원,가평푸른숲요양병원,,,1661-9099,,,상면 물골길 262-23,,,,,,,,,,,,,,
,,,의료복지,의료법,N,의료시설,병원(정신),청평우리병원,,,031-585-5115,,,청평면 경춘로 791-11,,,,,,,,,,,,,,
,,,의료복지,의료법,N,의료시설,병원,강변요양병원,,,031-582-8858,,,가평읍 북한강변로 160,,,,,,,,,,,,,,
,,,의료복지,의료법,N,의료시설,병원(정신),에이치제이매그놀리아국제요양병원,,,031-589-4300,,,설악면 미사리로 267-177,,,,,,,,,,,,,,
,,,의료복지,의료법,N,의료시설,병원,청평활명요양병원,,,031-584-0545,,,청평면 북한강로1604번길 64-28,,,,,,,,,,,,,,
,,,의료복지,의료법,N,의료시설,의원,가평사랑정형외과의원,,,031-581-6737,,,가평읍 정간내로 1,,,,,,,,,,,,,,
,,,의료복지,의료법,N,의료시설,의원,가평튼튼정형외과의원,,,031-581-7577,,,"가평읍 장터3길 10, 3~4층(가평메디컬센터)",,,,,,,,,,,,,,
,,,의료복지,의료법,N,의료시설,의원,건유의원,,,031-581-7525,,,가평읍 가화로 47,,,,,,,,,,,,,,
,,,의료복지,의료법,N,의료시설,의원,라파정형외과의원,,,031-581-4561,,,가평읍 가화로 97-2,,,,,,,,,,,,,,
,,,의료복지,의료법,N,의료시설,의원,새희망마취통증의학과의원,,,031-581-7200,,,가평읍 가화로 113-1,,,,,,,,,,,,,,
,,,의료복지,의료법,N,의료시설,의원,서울가정의학과의원,,,031-581-7558,,,가평읍 가화로 121,,,,,,,,,,,,,,
,,,의료복지,의료법,N,의료시설,의원,성모의원,,,031-582-1833,,,가평읍 가화로 75,,,,,,,,,,,,,,
,,,의료복지,의료법,N,의료시설,의원,임내과의원,,,031-581-0675,,,"가평읍 연인1길 1, 2층",,,,,,,,,,,,,,
,,,의료복지,의료법,N,의료시설,의원,천병철내과의원,,,031-582-0075,,,"가평읍 장터3길 10, 5층(가평메디컬센터)",,,,,,,,,,,,,,
,,,의료복지,의료법,N,의료시설,의원,한림의원,,,031-581-8275,,,가평읍 석봉로 218,,,,,,,,,,,,,,
,,,의료복지,의료법,N,의료시설,의원,횃불의원,,,031-580-5119,,,가평읍 가화로 269,,,,,,,,,,,,,,
,,,의료복지,의료법,N,의료시설,의원,설악의원,,,031-585-8575,,,설악면 한서로 9,,,,,,,,,,,,,,
,,,의료복지,의료법,N,의료시설,의원,우리들의원,,,031-585-2533,,,설악면 신천중앙로88번길 1,,,,,,,,,,,,,,
,,,의료복지,의료법,N,의료시설,의원,한마음의원,,,031-584-1551,,,설악면 신천중앙로 118,,,,,,,,,,,,,,
,,,의료복지,의료법,N,의료시설,의원,강현철의원,,,031-584-1165,,,청평면 청평중앙로 51,,,,,,,,,,,,,,
,,,의료복지,의료법,N,의료시설,의원,상천신경과의원,,,031-585-8542,,,청평면 경춘로 1401,,,,,,,,,,,,,,
,,,의료복지,의료법,N,의료시설,의원,성민의원,,,031-584-7004,,,"청평면 청평중앙로 47, 2~3층",,,,,,,,,,,,,,
,,,의료복지,의료법,N,의료시설,의원,소중한사람들의원,,,031-582-0191,,,청평면 큰갈월로 226,,,,,,,,,,,,,,
,,,의료복지,의료법,N,의료시설,의원,연세안과의원,,,031-582-3338,,,"청평면 청평중앙로 53-1, 3층",,,,,,,,,,,,,,
,,,의료복지,의료법,N,의료시설,의원,지명관내과의원,,,031-585-6891,,,청평면 청평중앙로 52,,,,,,,,,,,,,,
,,,의료복지,의료법,N,의료시설,의원,청평연세의원,,,031-584-1895,,,청평면 청평중앙로 62,,,,,,,,,,,,,,
,,,의료복지,의료법,N,의료시설,의원,홍인의원,,,031-585-8275,,,청평면 청평중앙로 37-2,,,,,,,,,,,,,,
,,,의료복지,의료법,N,의료시설,의원,김외과의원,,,031-585-2200,,,조종면 현창로 39,,,,,,,,,,,,,,
,,,의료복지,의료법,N,의료시설,의원,맹호의원,,,031-585-5209,,,조종면 연등아랫길 20,,,,,,,,,,,,,,
,,,의료복지,의료법,N,의료시설,의원,현리 김창선의원,,,031-584-9677,,,"조종면 현창로38번길 4-1, 3층(",,,,,,,,,,,,,,
,,,의료복지,의료법,N,의료시설,의원,현리중앙의원,,,031-585-2559,,,조종면 현창로38번길 3,,,,,,,,,,,,,,
,,,의료복지,의료법,N,의료시설,치과병원,에이치제이매그놀리아국제치과의원,,,031-589-4300,,031-589-4635,설악면 미사리로 267-177,,,,,,,,,,,,,,
,,,의료복지,의료법,N,의료시설,치과의원,가평본치과의원,,,031-585-7528,,031-585-2828,조종면 현창로38번길 4-1,,,,,,,,,,,,,,
,,,의료복지,의료법,N,의료시설,치과의원,뉴욕치과의원,,,031-585-9455,,031-585-9457,청평면 청평중앙로 50,,,,,,,,,,,,,,
,,,의료복지,의료법,N,의료시설,치과의원,류치과의원,,,031-582-6767,,031-582-6768,가평읍 가화로 112,,,,,,,,,,,,,,
,,,의료복지,의료법,N,의료시설,치과의원,서울마음치과의원,,,031-582-2882,,031-582-2883,가평읍 장터3길 10,,,,,,,,,,,,,,
,,,의료복지,의료법,N,의료시설,치과의원,서울베스트치과의원,,,031-581-8606,,031-581-8609,가평읍 가화로 138,,,,,,,,,,,,,,
,,,의료복지,의료법,N,의료시설,치과의원,서울연합치과의원,,,031-585-5421,,031-585-5429,청평면 청평중앙로 48,,,,,,,,,,,,,,
,,,의료복지,의료법,N,의료시설,치과의원,서울정성치과의원,,,031-584-2804,,031-584-2806,청평면 청평중앙로 52,,,,,,,,,,,,,,
,,,의료복지,의료법,N,의료시설,치과의원,서울치과의원,,,031-584-2875,,031-584-8880,조종면 현창로 37,,,,,,,,,,,,,,
,,,의료복지,의료법,N,의료시설,치과의원,신동미소 치과의원,,,031-585-2826,,031-585-2827,조종면 현창로 28-5,,,,,,,,,,,,,,
,,,의료복지,의료법,N,의료시설,치과의원,연세세브란스치과의원,,,031-584-2879,,031-584-2874,조종면 조종희망로 7,,,,,,,,,,,,,,
,,,의료복지,의료법,N,의료시설,치과의원,연세이사랑치과의원,,,031-581-2882,,031-581-2882,가평읍 연인2길 2,,,,,,,,,,,,,,
,,,의료복지,의료법,N,의료시설,치과의원,우리들치과의원,,,031-585-2875,,031-585-2862,설악면 신천중앙로 116,,,,,,,,,,,,,,
,,,의료복지,의료법,N,의료시설,치과의원,이편한치과의원,,,031-581-5421,,031-581-5429,가평읍 석봉로 192,,,,,,,,,,,,,,
,,,의료복지,의료법,N,의료시설,치과의원,제일부부치과의원,,,031-585-6200,,031-585-6201,청평면 청평중앙로 53,,,,,,,,,,,,,,
,,,의료복지,의료법,N,의료시설,치과의원,푸른치과의원,,,031-584-2872,,031-585-2772,조종면 현창로 26,,,,,,,,,,,,,,
,,,의료복지,의료법,N,의료시설,치과의원,현리명치과의원,,,031-584-2870,,031-584-2845,조종면 조종새싹로 2,,,,,,,,,,,,,,
,,,의료복지,치매관리법,N,지역사회정신건강증진시설,정신보건시설,가평군치매안심센터,,장우진,031-580-2849,,031-580-2559,가평읍 가화로 155-18,가평군,가평군보건소,,,,,,,,,,,https://gp.nid.or.kr/,
,,,의료복지,정신건강증진법,N,지역사회정신건강증진시설,정신보건시설,가평군정신건강복지센터,,김도훈,031-581-8881,gpmhc01@hanmail.net,031-581-8883,"가평읍 가화로 155-15, 정신건강복지센터 3층",법인,학교법인 한림대학교 춘천성심병원,,,,,,,,,,,www.gpmhc.com,
,,,일반,지자체 출자출연 기관의 운영에 관한 법률,N,가평군 출자출연기관,시군구 복지재단,가평군복지재단,335-82-00071,가평군수,031-582-2210,gcwf2210@daum.net,031-582-2213,"가평읍 문화로 131, 가평체육관 1층",법인,재단법인 가평군복지재단,,,,,,,,,,,www.gcwf.or.kr,
,,,일반,사회복지사업법,N,비영리 민간협력 법정단체,시군구 사회복지협의회,가평군사회복지협의회,245-82-00730,육도수,031-581-5818,gpcsw0527@naver.com,031-581-5814,"가평읍 가화로 33, 2층",법인,사회복지법인 가평군사회복지협의회,,,,,,,,,,,http://gpssn.or.kr/,
,,,일반,자원봉사활동기본법,N,비영리사단법인 운영시설,자원봉사센터,가평군자원봉사센터,,이명열,031-581-1365,gpvc1365@hanmail.net,031-581-7222,"가평읍 문화로 131, 신축스탠드 1층",법인,사단법인 가평군자원봉사센터,,,,,,,,,,,http://gpvc.org/,
,,,일반,사회보장법,N,지역사회보장 민관 거버넌스기구,시군구 지역사회보장협의체,가평군지역사회보장협의체,132-82-8456,"가평군수, 김구태",031-581-2518,gp050731@hanmail.net,031-581-2519,"가평읍 연인2길 13-8, 3층",법정단체,가평군지역사회보장협의체,,,,,,,,,,,http://gpcssc.com/,
,,,장애인(교통약자),개별법,N,무장애시설,5일장,"가평5일장 (5, 10일)",,,,,,가평읍 장터2길 10,,,,,,,,,,,,,http://tong.visitkorea.or.kr/cms/resource/13/2364413_image2_1.jpg,
,,,장애인(교통약자),개별법,N,무장애시설,공연장,가평문화예술회관,,,,,,가평읍 문화로 131,,,,,,,,,,,,,http://tong.visitkorea.or.kr/cms/resource/34/1589034_image2_1.jpg,
,,,장애인(교통약자),개별법,N,무장애시설,공연장,음악역 1939,,,,,,가평읍 석봉로 100,,,,,,,,,,,,,http://tong.visitkorea.or.kr/cms/resource/55/3357555_image2_1.jpg,
,,,장애인(교통약자),개별법,N,무장애시설,공원,호명호수공원,,,,,,청평면 상천리 산371-2,,,,,,,,,,,,,,
,,,장애인(교통약자),개별법,N,무장애시설,관광단지,W지우리조트,,,031-581-7770,,,가평읍 북한강변로 970-9,,,,,,,,,,,,,http://tong.visitkorea.or.kr/cms/resource/77/2500177_image2_1.jpg,
,,,장애인(교통약자),개별법,N,무장애시설,관광단지,산장관광지,,,,,,상면 덕현산장길 74 (상면),,,,,,,,,,,,,http://tong.visitkorea.or.kr/cms/resource/90/3077290_image2_1.jpg,
,,,장애인(교통약자),개별법,N,무장애시설,농.산.어촌 체험,쁘띠프랑스,,,,,,청평면 호반로 1063,,,,,,,,,,,,,http://tong.visitkorea.or.kr/cms/resource/15/3423715_image2_1.jpg,
,,,장애인(교통약자),개별법,N,무장애시설,도립공원,연인산도립공원,,,,,,조종면,,,,,,,,,,,,,http://tong.visitkorea.or.kr/cms/resource/74/1591274_image2_1.jpg,
,,,장애인(교통약자),개별법,N,무장애시설,문화원,가평문화원,,,,,,가평읍 문화로 131,,,,,,,,,,,,,http://tong.visitkorea.or.kr/cms/resource/64/1785864_image2_1.jpg,
,,,장애인(교통약자),개별법,N,무장애시설,미술관/화랑,가일미술관,,,,,,청평면 북한강로 1549,,,,,,,,,,,,,http://tong.visitkorea.or.kr/cms/resource/89/1358589_image2_1.jpg,
,,,장애인(교통약자),개별법,N,무장애시설,미술관/화랑,남송미술관,,,,,,북면 백둔로 322,,,,,,,,,,,,,http://tong.visitkorea.or.kr/cms/resource/83/1591283_image2_1.jpg,
,,,장애인(교통약자),개별법,N,무장애시설,바/까페,가평양떼목장카페,,,,,,설악면 유명로 1209,,,,,,,,,,,,,http://tong.visitkorea.or.kr/cms/resource/92/2723992_image2_1.jpg,
,,,장애인(교통약자),개별법,N,무장애시설,바/까페,리버레인,,,,,,청평면 북한강로 2141,,,,,,,,,,,,,,
,,,장애인(교통약자),개별법,N,무장애시설,바/까페,코리달리스,,,,,,청평면 호반로 887,,,,,,,,,,,,,http://tong.visitkorea.or.kr/cms/resource/81/2773981_image2_1.jpeg,
,,,장애인(교통약자),개별법,N,무장애시설,박물관,가평현암농경유물박물관,,,,,,북면 석장모루길 13,,,,,,,,,,,,,http://tong.visitkorea.or.kr/cms/resource/50/1090950_image2_1.jpg,
,,,장애인(교통약자),개별법,N,무장애시설,산,가평 하이랜드,,,031-581-2256~7,,,북면 가화로 2369-19,,,,,,,,,,,,,http://tong.visitkorea.or.kr/cms/resource/37/1979637_image2_1.JPG,
,,,장애인(교통약자),개별법,N,무장애시설,산,더 스테이호텔,,,031-581-5711,,,가평읍 보납로 73,,,,,,,,,,,,,http://tong.visitkorea.or.kr/cms/resource/39/2993039_image2_1.jpg,
,,,장애인(교통약자),개별법,N,무장애시설,산,브룩5(BROOK5),,,,,,가평읍 태봉두밀로 162,,,,,,,,,,,,,http://tong.visitkorea.or.kr/cms/resource/90/2811690_image2_1.jpg,
,,,장애인(교통약자),개별법,N,무장애시설,산,상천체육문화연수원,,,031-581-7030,,,청평면 경춘로 1401,,,,,,,,,,,,,http://tong.visitkorea.or.kr/cms/resource/46/1786046_image2_1.jpg,
,,,장애인(교통약자),개별법,N,무장애시설,산,오버더마운틴,,,,,,상면 수목원로386번길 75,,,,,,,,,,,,,,
,,,장애인(교통약자),개별법,N,무장애시설,상설시장,가평 잣고을 전통시장,,,031-580-2114,,,가평읍 장터2길 10,,,,,,,,,,,,,,
,,,장애인(교통약자),개별법,N,무장애시설,서양식,살롱 드 이터널저니,,,,,,설악면 유명로 1007-90,,,,,,,,,,,,,http://tong.visitkorea.or.kr/cms/resource/95/2723995_image2_1.jpg,
,,,장애인(교통약자),개별법,N,무장애시설,섬,자라섬,,,,,,가평읍 자라섬로 60,,,,,,,,,,,,,,
,,,장애인(교통약자),개별법,N,무장애시설,수목원,아침고요수목원,,,,,,상면 수목원로 432,,,,,,,,,,,,,http://tong.visitkorea.or.kr/cms/resource/05/3057605_image2_1.jpg,
,,,장애인(교통약자),개별법,N,무장애시설,스킨스쿠버다이빙,K-26,,,,,,청평면 고재길 262-57,,,,,,,,,,,,,http://tong.visitkorea.or.kr/cms/resource/84/3357584_image2_1.jpg,
,,,장애인(교통약자),개별법,N,무장애시설,"야영장,오토캠핑장",자라섬캠핑장,,,,,,가평읍 자라섬로 60,,,,,,,,,,,,,,
,,,장애인(교통약자),개별법,N,무장애시설,자연생태관광지,수풀로 삼회리,,,,,,청평면 북한강로 2047,,,,,,,,,,,,,http://tong.visitkorea.or.kr/cms/resource/95/3077295_image2_1.jpg,
,,,장애인(교통약자),개별법,N,무장애시설,자연휴양림,국립 유명산자연휴양림,,,,,,설악면 유명산길 79-53,,,,,,,,,,,,,http://tong.visitkorea.or.kr/cms/resource/75/3077275_image2_1.jpg,
,,,장애인(교통약자),개별법,N,무장애시설,자연휴양림,잣향기푸른숲,,,,,,상면 축령로 289-146,,,,,,,,,,,,,http://tong.visitkorea.or.kr/cms/resource/23/3037123_image2_1.jpg,
,,,장애인(교통약자),개별법,N,무장애시설,자연휴양림,청평자연휴양림,,,,,,청평면 북한강로2246번길 8-6,,,,,,,,,,,,,http://tong.visitkorea.or.kr/cms/resource/70/3077270_image2_1.jpg,
,,,장애인(교통약자),개별법,N,무장애시설,자연휴양림,칼봉산자연휴양림,,,,,,가평읍 경반안로 454,,,,,,,,,,,,,http://tong.visitkorea.or.kr/cms/resource/07/1589007_image2_1.jpg,
,,,장애인(교통약자),개별법,N,무장애시설,전시관,명지산생태전시관,,,,,,북면 가화로 2089-42,,,,,,,,,,,,,http://tong.visitkorea.or.kr/cms/resource/48/2021248_image2_1.JPG,
,,,장애인(교통약자),개별법,N,무장애시설,테마공원,꿈의동산,,,,,,청평면 에덴벚꽃길 139,,,,,,,,,,,,,http://tong.visitkorea.or.kr/cms/resource/11/2932211_image2_1.jpg,
,,,장애인(교통약자),개별법,N,무장애시설,테마공원,아침고요가족동물원,,,,,,상면 임초밤안골로 301,,,,,,,,,,,,,http://tong.visitkorea.or.kr/cms/resource/97/2602797_image2_1.bmp,
,,,장애인(교통약자),개별법,N,무장애시설,테마공원,에델바이스 스위스 테마파크,,,,,,설악면 다락재로 226-57,,,,,,,,,,,,,http://tong.visitkorea.or.kr/cms/resource/90/3420690_image2_1.JPG,
,,,장애인(교통약자),개별법,N,무장애시설,테마공원,자라섬 이화원,,,,,,가평읍 자라섬로 64,,,,,,,,,,,,,,
,,,장애인(교통약자),개별법,N,무장애시설,테마공원,피노키오와 다빈치,,,,,,청평면 호반로 1063,,,,,,,,,,,,,http://tong.visitkorea.or.kr/cms/resource/45/3352545_image2_1.jpg,
,,,장애인(교통약자),개별법,N,무장애시설,한식,네자매평강막국수,,,,,,설악면 한서로 87,,,,,,,,,,,,,,
,,,장애인(교통약자),개별법,N,무장애시설,한식,동기간,,,031-581-5570,,,가평읍 보납로 459-158,,,,,,,,,,,,,http://tong.visitkorea.or.kr/cms/resource/85/2010785_image2_1.jpg,
,,,장애인(교통약자),개별법,N,무장애시설,한식,솥뚜껑닭볶음탕 가평본점,,,,,,설악면 어비산길 130-18,,,,,,,,,,,,,http://tong.visitkorea.or.kr/cms/resource/02/3387802_image2_1.jpg,
,,,장애인(교통약자),개별법,N,무장애시설,한식,옛골75,,,031-585-7501,,,상면 수목원로 60,,,,,,,,,,,,,,
,,,장애인(교통약자),장애인복지법,N,장애유형별 단체,교통장애인단체(이동지원시설),한국교통장애인협회 가평군지회,,윤수한,031-584-3545,,031-584-5706,설악면 유명로 2026,법인,사단법인 한국교통장애인협회 경기도지부 ,,,,,,,,,,,www.voda.or.kr,
,,,장애인(교통약자),장애인복지법,N,장애유형별 단체,시각장애인단체(이동지원시설),경기도시각장애인연합회 가평군지회,132-82-05384,유경숙,031-584-1302,gh1302@daum.net,031-581-2303,"가평읍 석봉로191번길 65-35, 3층 (장애인재활체육지원센터 내)",법인,사단법인 경기도시각장애인연합회 가평군지회,,,,,,,,,,,https://www.eyes1004.com/,
,,,장애인(교통약자),장애인복지법,N,장애유형별 단체,장애인복지단체(이동지원시설),경기도장애인복지회 가평군지부,,박범서,031-581-3728,,031-581-3729,"가평읍 석봉로191번길 65-35, 3층 (장애인재활체육지원센터 내)",법인,사단법인 경기도장애인복지회,,,,,,,,,,,http://www.ggjb.or.kr/,
,,,장애인(교통약자),장애인복지법,N,장애유형별 단체,지체장애인단체(이동지원시설),경기도지체장애인협회 가평군지회,879-87-01196,김영수,031-582-0790,kappd7@naver.com,031-582-8175,"가평읍 석봉로191번길 65-35, 3층 (장애인재활체육지원센터 내)",법인,사단법인 경기도지체장애인협회 가평군지회,,,,,,,,,,,kappd7.or.kr,
,,,장애인(교통약자),장애인복지법,N,장애유형별 단체,청각장애인단체,한국농아인협회 가평군지회,,최형원,031-581-7653,gpdeaf@hanmail.net,031-582-7653,가평읍 문화로 131 (가평종합운동장 내),법인,사단법인 한국농아인협회 경기도지부 가평군지회,,,,,,,,,,,https://www.ggdeaf.kr/,
,,,장애인(교통약자),교통약자의 이동편의 증진법,N,장애인 등 이동지원 편의시설,교통약자 이동지원센터,가평군교통약자이동지원센터,,가평군수,031-8078-8122,gp4800@naver.com,070-8250-0391,가평읍 문화로 153,가평군,가평군시설관리공단,,,,,,,,,,,gpfmc.or.kr,
,,,장애인(교통약자),장애인보조기기법,N,장애인 등 이동지원 편의시설,보조기기수리센터,가평군보조기기수리센터,,김영수,031-582-0790,kappd7@naver.com,031-582-8175,"가평읍 석봉로191번길 65-35, 3층 (장애인재활체육지원센터 내)",법인,사단법인 경기도지체장애인협회 가평군지회,,,,,,,,,,,kappd7.or.kr,
,,,장애인(교통약자),장애인등편의법,N,장애인 등 이동지원 편의시설,전동보장구 충전소,가평군청 1청사 충전소,,가평군수,031-580-2227,,,가평읍 석봉로 181 ,가평군,사회복지과 장애인복지팀,,,,,,,,,,,,가평군청 1청사 본관(가운데) 현관 오른쪽(실외)
,,,장애인(교통약자),장애인등편의법,N,장애인 등 이동지원 편의시설,전동보장구 충전소,청평역 충전소,,가평군수,031-580-2227,,,청평면 청평역로 97-33,가평군,사회복지과 장애인복지팀,,,,,,,,,,,,개찰구 안쪽 에스컬레이터 옆(실내)
,,,장애인(교통약자),장애인등편의법,N,장애인 등 이동지원 편의시설,전동보장구 충전소,청평면행정복지센터 충전소,,가평군수,031-580-2227,,,청평면 은고개로 19,가평군,사회복지과 장애인복지팀,,,,,,,,,,,,정문 안쪽 우측(실내)
,,,장애인(교통약자),장애인등편의법,N,장애인 등 이동지원 편의시설,전동보장구 충전소,가평꽃동네 희망의 집 충전소,,가평군수,031-580-2227,,,조종면 꽃동네길 35-25,가평군,사회복지과 장애인복지팀,,,,,,,,,,,,시설 앞 경사로 출입구(실외)
,,,장애인(교통약자),장애인등편의법,N,장애인 등 이동지원 편의시설,전동보장구 충전소,조종면행정복지센터 충전소,,가평군수,031-580-2227,,,조종면 조종내길 71,가평군,사회복지과 장애인복지팀,,,,,,,,,,,,1층 복지상담실 좌측(실내)
,,,장애인(교통약자),장애인등편의법,N,장애인 등 이동지원 편의시설,전동보장구 충전소,북면행정복지센터 충전소,,가평군수,031-580-2227,,,북면 가화로 1030-39,가평군,사회복지과 장애인복지팀,,,,,,,,,,,,1층 로비 좌측(실내)
,,,장애인(교통약자),장애인등편의법,N,장애인 등 이동지원 편의시설,전동보장구 충전소,설악면행정복지센터 충전소,,가평군수,031-580-2227,,,설악면 한서로 8,가평군,사회복지과 장애인복지팀,,,,,,,,,,,,1층 좌측 지적정보시스템 키오스크 옆(실내)
,,,장애인(교통약자),장애인등편의법,N,장애인 등 이동지원 편의시설,전동보장구 충전소,가평군장애인복지관 충전소,,가평군수,031-580-2227,,,가평읍 석봉로191번길 65-19,가평군,사회복지과 장애인복지팀,,,,,,,,,,,,정문 안쪽 우측(실내)
,,,장애인(교통약자),장애인등편의법,N,장애인 등 이동지원 편의시설,전동보장구 충전소,한석봉체육관 충전소,,가평군수,031-580-2227,,,가평읍 문화로 153,가평군,사회복지과 장애인복지팀,,,,,,,,,,,,지하2층 게시판 옆(실내)
,,,장애인(교통약자),장애인등편의법,N,장애인 등 이동지원 편의시설,전동보장구 충전소,가평군보건소 충전소,,가평군수,031-580-2227,,,가평읍 가화로 155,가평군,사회복지과 장애인복지팀,,,,,,,,,,,,출입문 입구 좌측(실내)
,,,장애인(교통약자),장애인복지법,N,장애인 자립생활지원시설,장애인자립생활센터,열린가평장애인자립생활센터,,채원준,031-584-4255~6,,031-584-4256,청평면 강변로 31-18,비영리민간단체,열린가평장애인자립생활센터,,,,,,,,,,,https://cafe.daum.net/gpcil,
,,,장애인(교통약자),장애인복지법,N,장애인 자립생활지원시설,장애인자립생활센터,경기도지체장애인협회 가평장애인자립생활센터,316-82-66918,김성근,031-582-0585,gpil2020@naver.com,031-582-0488,"가평읍 문화로 131, 희망축구장 옆",비영리민간단체,경기도지체장애인협회 가평장애인자립생활센터,,,,,,,,,,,,
,,,장애인(교통약자),장애인복지법,Y,장애인 지역사회재활시설,수어통역센터,가평군수어통역센터,? ,최형원 ,031-581-7653,? ,031-582-7653,가평읍 문화로 131 (가평종합운동장 내),법인,(사)한국농아인협회 경기도협회 가평군지회,,,,,,,,,,,,? 
,,,장애인(교통약자),장애인복지법,Y,장애인 지역사회재활시설,장애인복지관,가평군장애인복지관,? ,김명주 ,031-581-9785~6,gpjb12@hanmail.net,031-624-6350,가평읍 석봉로191번길 65-19,법인,가평군복지재단,,,,,,,,,,,www.gapyeongjb.or.kr,? 
,,,장애인(교통약자),장애인복지법,Y,장애인 지역사회재활시설,장애인생활이동지원센터,가평군장애인생활이동지원센터,? ,유경숙 ,031-581-2302,ct2302@naver.com,031-582-2303,"가평읍 석봉로191번길 65-35, 3층",법인,(사)경기도시각장애인연합회 가평군지회,,,,,,,,,,,https://eyes1004.com,이동에 상당한 제약이 있는 장애인에게 차량운행을 통한 직장 출·퇴근 및 외출보조 등 기타 이동 서비스를 제공하여 장애인의 사회활동 참여와 기회를 확대 지원? 
,,,장애인(교통약자),장애인복지법,Y,장애인 지역사회재활시설,장애인주간보호시설,가평군장애인주간보호센터,? ,김명주,070-8146-0001,gpjb12@hanmail.net,070-8150-9785,"가평읍 석봉로191번길 65-19, 3층",법인,가평군복지재단,,,,,,,,,,,www.gapyeongjb.or.kr,? 
,,,장애인(교통약자),장애인활동 지원에 관한 법률,N,장애인 지역사회재활시설,장애인활동지원센터,가평군장애인복지관,? ,김명주 ,031-581-9785~6,gpjb12@hanmail.net,031-624-6350,가평읍 석봉로191번길 65-19,법인,가평군복지재단,,,,,,,,,,,www.gapyeongjb.or.kr,? 
,,,장애인(교통약자),장애인활동 지원에 관한 법률,N,장애인 지역사회재활시설,장애인활동지원센터,청평장애인활동지원센터,,가평군수,031-585-7988,,,청평면 청평중앙로 64,법인,재단법인 가평군복지재단,,,,,,,,,,,http://gcwf.or.kr,
,,,장애인(교통약자),정신건강복지법,Y,장애인 지역사회재활시설,정신재활시설,가평꽃동네 환희의 집,132-82-07607,박영만(필립보),031-589-0210,kkotjs@kkot.or.kr,031-589-0219,조종면 꽃동네길 60,법인,사회복지법인 (재)예수의꽃동네유지재단(한국천주교 청주교구 소속),200,,,,,,배건일,,,,https://cafe.daum.net/fvjhouse,정신질환자 요양 및 사회복귀 훈련
,,,장애인(교통약자),장애인복지법,Y,장애인 직업재활시설,장애인보호작업장,가평나눔일터,443-82-00353,김구일 ,031-581-5052,gana1t@naver.com,031-581-5059,"가평읍 자라섬로 30, 201호",법인,(사)서울특별시중증장애인복지진흥회,,,,,,,,,,,http://gana1t.or.kr,
,,,장애인(교통약자),"장애인복지법, 가평군조례",N,장애인 체육활동 지원시설,장애인 재활 및 여가활동 지원시설,가평군장애인재활체육지원센터,,가평군수,031-582-2210,gcwf2210@naver.com,,가평읍 석봉로 191번길 65-35,법인,재단법인 가평군복지재단,,,,,,,,,,,http://gcwf.or.kr,
,,,장애인(교통약자),국민체육진흥법,N,장애인 체육활동 지원시설,장애인체육단체,가평군장애인체육회 (반다비체육관),,가평군수,031-8078-7975~6,gp-sad@hanmail.net,031-8078-7974,가평읍 문화로 131 (가평종합운동장 내),법정단체,가평군장애인체육회,,,,,,,,,,,https://www.gpsports.or.kr/kpc/main,
,,,장애인(교통약자),국민체육진흥법,N,장애인 체육활동 지원시설,장애인체육시설,조종 반다비 체육센터,,안동석,031-585-2007,gp-sad@hanmail.net,031-8078-7974,조종면 조종희망로26번길 16,법정단체,가평군장애인체육회,,,,,,,,,,,https://www.gpsports.or.kr/kpc/main,
,,,장애인(교통약자),국민체육진흥법,N,장애인 체육활동 지원시설,장애인체육시설,설악 반다비 체육센터,,안동석,031-585-3008,gp-sad@hanmail.net,031-8078-7974,설악면 자잠로 80,법정단체,가평군장애인체육회,,,,,,,,,,,https://www.gpsports.or.kr/kpc/main,
,,,장애인(교통약자),장애인복지법,Y,장애인거주시설,중증장애인시설,가평꽃동네 희망의집,,유미선,031-589-0265,gphope@kkot.or.kr,031-589-0265,조종면 꽃동네길 35-25,법인,사회복지법인 (재)예수의꽃동네유지재단(한국천주교 청주교구 소속),150,,,,,,,,,,https://www.kkot.or.kr/home/,중증장애인 전문 요양 및 재활 (정원 추정)
,,,장애인(교통약자),장애인복지법,Y,장애인거주시설,중증장애인시설(여),성가정의 집,132-82-80568,이은경(세실리아),031-585-7906,,031-585-7907,조종면 연인산로 474번길 139-37,법인,사회복지법인 작은예수회,29,,,,,,,,,,https://cafe.daum.net/theholyhome,
,,,장애인(교통약자),장애인복지법,Y,장애인거주시설,지적장애시설(남),가평꽃동네 은총의집,,임춘자,031-589-0188~9,gphope@kkot.or.kr,031-589-0190,조종면 꽃동네길 53-13,법인,사회복지법인 (재)예수의꽃동네유지재단(한국천주교 청주교구 소속),30,,,,,,,,,,https://www.kkot.or.kr/home/,지적/중복장애인 거주 및 생활지원
,,,장애인(교통약자),장애인복지법,Y,장애인거주시설,지적장애인시설(남),성빈센트환경마을,,장춘호,031-585-9066~7,,031-585-9065,조종면 연인산로 308,법인,사회복지법인 서울카톨릭사회복지회,29,,,,,,,,,,http://www.vincentvillage.co.kr,
,,,장애인(교통약자),장애인복지법,Y,장애인거주시설,지적장애인시설(남),가난한 마음의 집,126-82-20527,김진희,031-585-3210,,,상면 수역길 119,법인,사회복지법인 마음의 집,29,,,,,,,,,,http://마음의집.com,
,,,청소년,청소년복지지원법,N,청소년상담기관,청소년상담기관,가평군청소년상담복지센터,,김보니,031-582-2000,gp1388@gpyouth.or.kr,031-582-8835,청평면 은고개로 39 1층,법인,재단법인 행복함께나누는재단,,,,,,,,,,,https://gp1388.or.kr/,
,,,청소년,"청소년기본법, 청소년활동지원법",N,청소년수련시설,청소년문화의집,조종 청소년문화의집,,박찬란,031-584-0707,jjyc@gpyouth.or.kr,031-584-1372,조종면 청군로 1270,법인,재단법인 행복함께나누는재단,,,,,,,,,,,https://jjyouth.or.kr/,
,,,청소년,"청소년기본법, 청소년활동지원법",N,청소년수련시설,청소년문화의집,가평 청소년문화의집,,지윤정,031-581-0924,gpyouth@gpyouth.or.kr, 031-601-8522,가평읍 문화로 120,법인,재단법인 행복함께나누는재단,,,,,,,,,,,https://www.gpyouth.or.kr/,
,,,청소년,"청소년기본법, 청소년활동지원법",N,청소년수련시설,청소년문화의집,가평군 설악청소년문화의집(설악청소년센터),,전지선,031-584-1522,seorakyouth@gpyouth.or.kr,031-584-1722,"설악면 자잠로 63 (신천리, 설악 다문화종합복지관)",법인,재단법인 행복함께나누는재단,,,,,,,,,,,https://seorakyouth.or.kr/,
,,,,,,,,,,,,,,,,,,,,,,,,,,,,
,,,,,,,,,,,,,,,,,,,,,,,,,,,,
,,,,,,,,,,,,,,,,,,,,,,,,,,,,
